artifact	path	size_bytes	sha256
category_response_contrast_signatures.tsv	reports/category_response_pathway/contrasts/category_response_contrast_signatures.tsv.gz	4447272	6e3345bc7c567bdbd36482ed0b0a10ab0e13562cc92ae65ca4392d4f894d9531
category_response_contrast_qc	reports/category_response_pathway/contrasts/category_response_contrast_qc.tsv	673	dc4fbcd2ae9a69276e5a6c9bd351b2f26f843a650ffa6cdf5f1e82b0699a28bd
category_response_contrast_gsea_hallmark	reports/category_response_pathway/contrasts/category_response_contrast_gsea_hallmark.tsv	129939	ad28233a33681028c4b50aa9a2fa73cbc1831c72018b84ec62bfcd29d2fcb62f
category_response_contrast_gsea_reactome	reports/category_response_pathway/contrasts/category_response_contrast_gsea_reactome.tsv	2935140	505c403ec4df8cab5051ac07fa670a53338b555a4c612848cacd23a10f59f0a3
category_response_contrast_gsea_gobp	reports/category_response_pathway/contrasts/category_response_contrast_gsea_gobp.tsv	6656095	2578d0938689f3a42c664651e1d842e3e9052c3c5327ad9b2e22c9e09d48fe73
category_response_contrast_gsea_hallmark	resource_registry/category_response_contrast_gsea_hallmark.tsv	129939	ad28233a33681028c4b50aa9a2fa73cbc1831c72018b84ec62bfcd29d2fcb62f
category_response_contrast_gsea_hallmark_loo_sensitivity	reports/category_response_pathway/contrasts/category_response_contrast_gsea_hallmark_loo_sensitivity.tsv	25467	634ff7d1fcf6383c1f96bd90ed4d34323b7767d80862c302048ba461d75d705c
category_response_contrast_gsea_hallmark_loo_summary	reports/category_response_pathway/contrasts/category_response_contrast_gsea_hallmark_loo_summary.tsv	2642	2262ba088a84016a65628e2b75ede143fb8d01b33ae6e3eaa283767181cca0b2
category_response_contrast_gsea_hallmark_median_sensitivity	reports/category_response_pathway/contrasts/category_response_contrast_gsea_hallmark_median_sensitivity.tsv	3903	a710d58312ca3b171b43accc6a0f0efed2cb7917231ffddb1e6cb7fbc69dab0e
