cell_line	depmap_model_id	target_gene	n_cells_target	n_cells_control	n_sgrnas_observed	truth_source_cell_count	gene_universe_size	source_kind	dataset_role	control_target_prefix	single_perturbation_filter_status	single_perturbation_evidence_source	real_shift_L2	real_shift_mean_abs	real_shift_top20_mean	real_shift_top50_mean	real_shift_top100_mean	real_shift_top50_concentration	real_Edistance	real_DEG_burden	depmap_gene_effect	depmap_gene_dependency	depmap_effect_found	depmap_dependency_found	depmap_join_status	shift_value	depmap_value_raw	depmap_strength	shift_quantile	depmap_quantile	shift_band	depmap_band	joint_grid	grid_role	is_q1_anchor	is_q2_transcriptomic_excess	is_q3_dependency_excess	is_q4_low_information	category_label	panel	n_targets	fraction	truth_metric	depmap_endpoint	observed_spearman_rho_aligned	null_iterations	null_mean	null_sd	null_q005	null_q025	null_q500	null_q975	null_q995	null_abs_q95	empirical_p_two_sided	seed	claim_tier	covariate_status
HCC38	ACH-000276	ARID1A	365.0	1666.0	3.0	14485.0	36601.0	mtx_protospacer	primary	intergenic_chr_	verified_via_num_features_eq_1	num_features	4.5521106820450274	0.0085365617536346	0.41084663373779	0.31870914363923	0.256314648404856	0.0510021624423772	0.6844363647374117	35.0	-0.1959555409927433	0.0939245801107399	True	True	both	0.0085365617536346	0.0939245801107399	0.0939245801107399	0.8085106382978723	0.6382978723404256	high	middle	middle	middle_band	False	False	False	False	Middle	a																		
HCC38	ACH-000276	BMPR1A	212.0	1666.0	3.0	14485.0	36601.0	mtx_protospacer	primary	intergenic_chr_	verified_via_num_features_eq_1	num_features	2.4112086854129164	0.0056197913890013	0.1607056301105885	0.1198906234823434	0.0986097664209315	0.0291435248290485	0.1313814779242541	3.0	-0.3519701364399601	0.2329854350238944	True	True	both	0.0056197913890013	0.2329854350238944	0.2329854350238944	0.574468085106383	0.723404255319149	middle	middle	middle	middle_band	False	False	False	False	Middle	a																		
HCC38	ACH-000276	CDKN2A	399.0	1666.0	3.0	14485.0	36601.0	mtx_protospacer	primary	intergenic_chr_	verified_via_num_features_eq_1	num_features	1.6153802596872924	0.0040551040534158	0.0705642285462587	0.0630156452727782	0.0564257139208651	0.0212287018833288	0.0529303840921642	0.0	0.2816188048418129	0.0034117871973033	True	True	both	0.0040551040534158	0.0034117871973033	0.0034117871973033	0.0851063829787234	0.0425531914893617	low	low	Q4_low_information	low_information_background	False	False	False	True	Low-information	a																		
HCC38	ACH-000276	COMMD6	395.0	1666.0	3.0	14485.0	36601.0	mtx_protospacer	primary	intergenic_chr_	verified_via_num_features_eq_1	num_features	1.715292039582324	0.0042202270388882	0.0912586486445996	0.0746733752831189	0.064967658368902	0.0241716902111654	0.0628530619862886	0.0	0.1473822164133259	0.0087958879569685	True	True	both	0.0042202270388882	0.0087958879569685	0.0087958879569685	0.1489361702127659	0.1489361702127659	low	low	Q4_low_information	low_information_background	False	False	False	True	Low-information	a																		
HCC38	ACH-000276	ENY2	93.0	1666.0	3.0	14485.0	36601.0	mtx_protospacer	primary	intergenic_chr_	verified_via_num_features_eq_1	num_features	4.544919712264169	0.0103397858020701	0.2917423714764887	0.2362799890211731	0.2003900068514441	0.0312170926316909	0.4591876502228338	14.0	-0.5509808712071267	0.4895161201697765	True	True	both	0.0103397858020701	0.4895161201697765	0.4895161201697765	0.9361702127659576	0.8297872340425532	high	high	Q1_anchor	canonical_bridge_anchor	True	False	False	False	Anchor	a																		
HCC38	ACH-000276	ERC1	433.0	1666.0	3.0	14485.0	36601.0	mtx_protospacer	primary	intergenic_chr_	verified_via_num_features_eq_1	num_features	1.7068626495623005	0.00417172244801	0.0939941271692788	0.0759905199899519	0.0646887614733722	0.0248840498741996	0.0660008981986344	0.0	0.2188525570329813	0.0054295617631019	True	True	both	0.00417172244801	0.0054295617631019	0.0054295617631019	0.1276595744680851	0.0851063829787234	low	low	Q4_low_information	low_information_background	False	False	False	True	Low-information	a																		
HCC38	ACH-000276	ETV3	244.0	1666.0	3.0	14485.0	36601.0	mtx_protospacer	primary	intergenic_chr_	verified_via_num_features_eq_1	num_features	2.131250251028423	0.0051298888376656	0.1202520673834786	0.0976057317693104	0.0835667705967653	0.025992282627765	0.1174565194971322	0.0	-0.1735948251121793	0.0807914252803547	True	True	both	0.0051298888376656	0.0807914252803547	0.0807914252803547	0.4680851063829787	0.5531914893617021	middle	middle	middle	middle_band	False	False	False	False	Middle	a																		
HCC38	ACH-000276	GON4L	167.0	1666.0	3.0	14485.0	36601.0	mtx_protospacer	primary	intergenic_chr_	verified_via_num_features_eq_1	num_features	2.438389539750892	0.0060144581054616	0.1312072613898295	0.1040296560141868	0.0898378970438039	0.0236285848281612	0.1331370425297109	1.0	-0.4178073081616394	0.3129469325001975	True	True	both	0.0060144581054616	0.3129469325001975	0.3129469325001975	0.6382978723404256	0.7872340425531915	middle	high	middle	middle_band	False	False	False	False	Middle	a																		
HCC38	ACH-000276	HDGF	254.0	1666.0	3.0	14485.0	36601.0	mtx_protospacer	primary	intergenic_chr_	verified_via_num_features_eq_1	num_features	2.310398267970584	0.0053940020400889	0.1533492306088471	0.1178306675327504	0.0978328739693608	0.0298417497987878	0.1102646874948405	1.0	-0.0275129839181656	0.0286996254177853	True	True	both	0.0053940020400889	0.0286996254177853	0.0286996254177853	0.5319148936170213	0.4042553191489361	middle	middle	middle	middle_band	False	False	False	False	Middle	a																		
HCC38	ACH-000276	HLX	289.0	1666.0	3.0	14485.0	36601.0	mtx_protospacer	primary	intergenic_chr_	verified_via_num_features_eq_1	num_features	2.2837459862813443	0.0052991294769277	0.1528302155414405	0.1231100955963321	0.100538112853386	0.0317370232967542	0.1391844016536794	0.0	0.1969791502719058	0.006315463793662	True	True	both	0.0052991294769277	0.006315463793662	0.006315463793662	0.4893617021276595	0.1063829787234042	middle	low	middle	middle_band	False	False	False	False	Middle	a																		
HCC38	ACH-000276	KLF3	236.0	1666.0	3.0	14485.0	36601.0	mtx_protospacer	primary	intergenic_chr_	verified_via_num_features_eq_1	num_features	2.319837106922052	0.0054676604656395	0.1583479892177527	0.1242309120996855	0.1024132102228947	0.0310388190672637	0.1040771771502981	0.0	-0.2832468490799181	0.1616884807733207	True	True	both	0.0054676604656395	0.1616884807733207	0.1616884807733207	0.5531914893617021	0.6808510638297872	middle	middle	middle	middle_band	False	False	False	False	Middle	a																		
HCC38	ACH-000276	LAMTOR5	157.0	1666.0	3.0	14485.0	36601.0	mtx_protospacer	primary	intergenic_chr_	verified_via_num_features_eq_1	num_features	5.5264970297394775	0.0106435490794122	0.5011713827328982	0.3877554563730358	0.307837923945111	0.0497678069616905	0.8951881345146226	59.0	-0.1880265849724247	0.0890975409858624	True	True	both	0.0106435490794122	0.0890975409858624	0.0890975409858624	0.9574468085106383	0.6170212765957447	high	middle	middle	middle_band	False	False	False	False	Middle	a																		
HCC38	ACH-000276	MAML3	423.0	1666.0	3.0	14485.0	36601.0	mtx_protospacer	primary	intergenic_chr_	verified_via_num_features_eq_1	num_features	1.5384476186420233	0.0039010408237359	0.0626874537424947	0.056597881160178	0.051537698287254	0.0198196842273556	0.0477434445130597	0.0	0.1348356419568611	0.009549016733777	True	True	both	0.0039010408237359	0.009549016733777	0.009549016733777	0.0212765957446808	0.1702127659574468	low	low	Q4_low_information	low_information_background	False	False	False	True	Low-information	a																		
HCC38	ACH-000276	MIER1	267.0	1666.0	3.0	14485.0	36601.0	mtx_protospacer	primary	intergenic_chr_	verified_via_num_features_eq_1	num_features	2.045207713573186	0.0049938655360828	0.1101133047226791	0.0890285826337256	0.0762914107006821	0.0243539644642461	0.0931820618504026	0.0	0.1844901338995709	0.0068709338808792	True	True	both	0.0049938655360828	0.0068709338808792	0.0068709338808792	0.4042553191489361	0.1276595744680851	middle	low	middle	middle_band	False	False	False	False	Middle	a																		
HCC38	ACH-000276	MTDH	282.0	1666.0	3.0	14485.0	36601.0	mtx_protospacer	primary	intergenic_chr_	verified_via_num_features_eq_1	num_features	2.564566136296016	0.0056310162158605	0.1834632984809108	0.1375150093016028	0.1116694997155183	0.0333611012047293	0.1768599083744533	1.0	-0.0521834016027112	0.0342163047187118	True	True	both	0.0056310162158605	0.0342163047187118	0.0342163047187118	0.5957446808510638	0.425531914893617	middle	middle	middle	middle_band	False	False	False	False	Middle	a																		
HCC38	ACH-000276	MYBL1	220.0	1666.0	3.0	14485.0	36601.0	mtx_protospacer	primary	intergenic_chr_	verified_via_num_features_eq_1	num_features	3.414490893578291	0.0071407239504648	0.2715294700642121	0.2160393210971072	0.1770059801844841	0.0413302100753347	0.3997225226225005	12.0	0.0709136850199211	0.0145675964421822	True	True	both	0.0071407239504648	0.0145675964421822	0.0145675964421822	0.6808510638297872	0.2553191489361702	middle	middle	middle	middle_band	False	False	False	False	Middle	a																		
HCC38	ACH-000276	NCOA1	389.0	1666.0	3.0	14485.0	36601.0	mtx_protospacer	primary	intergenic_chr_	verified_via_num_features_eq_1	num_features	1.803675839063153	0.0043489041564256	0.1064235480969592	0.0854668305068864	0.0714710005187241	0.0268469414253826	0.0867254833194053	1.0	-0.0933676037953646	0.0459486880054965	True	True	both	0.0043489041564256	0.0459486880054965	0.0459486880054965	0.1702127659574468	0.4893617021276595	low	middle	middle	middle_band	False	False	False	False	Middle	a																		
HCC38	ACH-000276	NPM1	80.0	1666.0	3.0	14485.0	36601.0	mtx_protospacer	primary	intergenic_chr_	verified_via_num_features_eq_1	num_features	5.049583398617561	0.0113723052385142	0.3091787250623715	0.2438272070138093	0.2066476959138929	0.0292894157855839	0.8004780403231067	11.0	-0.9484209992220038	0.8555302996262993	True	True	both	0.0113723052385142	0.8555302996262993	0.8555302996262993	0.9787234042553192	0.8936170212765957	high	high	Q1_anchor	canonical_bridge_anchor	True	False	False	False	Anchor	a																		
HCC38	ACH-000276	PA2G4	194.0	1666.0	3.0	14485.0	36601.0	mtx_protospacer	primary	intergenic_chr_	verified_via_num_features_eq_1	num_features	3.347055500027386	0.0071702138866234	0.2482401442741427	0.1817246023014009	0.1494029151942502	0.0346225195694191	0.2147717790127821	5.0	-0.4663635980262615	0.3764696904296344	True	True	both	0.0071702138866234	0.3764696904296344	0.3764696904296344	0.7021276595744681	0.8085106382978723	middle	high	middle	middle_band	False	False	False	False	Middle	a																		
HCC38	ACH-000276	PARK7	254.0	1666.0	3.0	14485.0	36601.0	mtx_protospacer	primary	intergenic_chr_	verified_via_num_features_eq_1	num_features	2.227876740019074	0.0050560733285705	0.1479565709754708	0.1092513513919192	0.0889496948117483	0.0295182432243808	0.1015569096156099	1.0	0.0134496621963463	0.0215311147572859	True	True	both	0.0050560733285705	0.0215311147572859	0.0215311147572859	0.425531914893617	0.3191489361702128	middle	middle	middle	middle_band	False	False	False	False	Middle	a																		
HCC38	ACH-000276	PCBD1	428.0	1666.0	3.0	14485.0	36601.0	mtx_protospacer	primary	intergenic_chr_	verified_via_num_features_eq_1	num_features	1.7392892243046572	0.0041690086810655	0.1014281281695594	0.0813921484549719	0.0694284526269486	0.0266702303134809	0.0766315200183527	1.0	0.016465541489049	0.0210892465180688	True	True	both	0.0041690086810655	0.0210892465180688	0.0210892465180688	0.1063829787234042	0.2978723404255319	low	middle	middle	middle_band	False	False	False	False	Middle	a																		
HCC38	ACH-000276	PEX14	439.0	1666.0	3.0	14485.0	36601.0	mtx_protospacer	primary	intergenic_chr_	verified_via_num_features_eq_1	num_features	1.8521323648982424	0.004391741095693	0.1122410874876001	0.0879077016311309	0.0742310586926704	0.027344327642402	0.0872355344689594	0.0	0.232031509113923	0.0049454685061893	True	True	both	0.004391741095693	0.0049454685061893	0.0049454685061893	0.1914893617021276	0.0638297872340425	low	low	Q4_low_information	low_information_background	False	False	False	True	Low-information	a																		
HCC38	ACH-000276	PFDN5	67.0	1666.0	3.0	14485.0	36601.0	mtx_protospacer	primary	intergenic_chr_	verified_via_num_features_eq_1	num_features	3.763957430728924	0.0091179791241103	0.1989752787568457	0.1600206789764993	0.1385962888206685	0.0239747765646468	0.2574333152486581	1.0	-0.8870801927678431	0.8201974002162512	True	True	both	0.0091179791241103	0.8201974002162512	0.8201974002162512	0.8297872340425532	0.8723404255319149	high	high	Q1_anchor	canonical_bridge_anchor	True	False	False	False	Anchor	a																		
HCC38	ACH-000276	PMF1	94.0	1666.0	3.0	14485.0	36601.0	mtx_protospacer	primary	intergenic_chr_	verified_via_num_features_eq_1	num_features	3.907662671107953	0.0092008578860405	0.1851686118601423	0.1652157665258879	0.1493163921756924	0.0245301509110005	0.3669114581574177	0.0	-1.5920218294593655	0.9978434877605236	True	True	both	0.0092008578860405	0.9978434877605236	0.9978434877605236	0.8723404255319149	0.9574468085106383	high	high	Q1_anchor	canonical_bridge_anchor	True	False	False	False	Anchor	a																		
HCC38	ACH-000276	PRDX2	302.0	1666.0	3.0	14485.0	36601.0	mtx_protospacer	primary	intergenic_chr_	verified_via_num_features_eq_1	num_features	2.130357874677587	0.0048643958897732	0.1366860926083004	0.1043672327789711	0.0851274138384869	0.0293097631473249	0.1105211682760263	1.0	-0.278397829186231	0.1572365253337959	True	True	both	0.0048643958897732	0.1572365253337959	0.1572365253337959	0.3617021276595745	0.6595744680851063	middle	middle	middle	middle_band	False	False	False	False	Middle	a																		
HCC38	ACH-000276	PRPF6	25.0	1666.0	3.0	14485.0	36601.0	mtx_protospacer	primary	intergenic_chr_	verified_via_num_features_eq_1	num_features	5.908263551904799	0.0144798741040019	0.3006809034205444	0.2489501769284749	0.2158678004680207	0.0234868463423908	0.6982882796296401	16.0	-1.5741714599009082	0.9972796156547944	True	True	both	0.0144798741040019	0.9972796156547944	0.9972796156547944	1.0	0.9361702127659576	high	high	Q1_anchor	canonical_bridge_anchor	True	False	False	False	Anchor	a																		
HCC38	ACH-000276	RORC	296.0	1666.0	3.0	14485.0	36601.0	mtx_protospacer	primary	intergenic_chr_	verified_via_num_features_eq_1	num_features	1.944086166826961	0.0047603589109585	0.1033882604213983	0.0830722325333542	0.072411716006244	0.0238392856390483	0.0850846174329156	0.0	-0.377798049598536	0.263229534078098	True	True	both	0.0047603589109585	0.263229534078098	0.263229534078098	0.3191489361702128	0.7446808510638298	middle	middle	middle	middle_band	False	False	False	False	Middle	a																		
HCC38	ACH-000276	RPS3	69.0	1666.0	3.0	14485.0	36601.0	mtx_protospacer	primary	intergenic_chr_	verified_via_num_features_eq_1	num_features	4.1654645837132325	0.0096911866022176	0.3011808400688885	0.2238886269278741	0.1778406526628827	0.0315596465057414	0.3846796262496035	10.0	-1.977444057423196	1.0	True	True	both	0.0096911866022176	1.0	1.0	0.8936170212765957	0.9893617021276596	high	high	Q1_anchor	canonical_bridge_anchor	True	False	False	False	Anchor	a																		
HCC38	ACH-000276	RUVBL2	95.0	1666.0	3.0	14485.0	36601.0	mtx_protospacer	primary	intergenic_chr_	verified_via_num_features_eq_1	num_features	3.3300033506603586	0.0082501146934477	0.1625181115706038	0.1358548184041985	0.1191124921474917	0.022495316777186	0.1839681919202576	2.0	-1.3247838305863433	0.978029448287533	True	True	both	0.0082501146934477	0.978029448287533	0.978029448287533	0.7872340425531915	0.9148936170212766	high	high	Q1_anchor	canonical_bridge_anchor	True	False	False	False	Anchor	a																		
HCC38	ACH-000276	SMAD1	321.0	1666.0	3.0	14485.0	36601.0	mtx_protospacer	primary	intergenic_chr_	verified_via_num_features_eq_1	num_features	1.9253649364438048	0.0045644798021591	0.1306398398233908	0.0995547131082223	0.0815312764452337	0.0297952880678602	0.0977995875910764	0.0	0.092940314960579	0.0125810954880103	True	True	both	0.0045644798021591	0.0125810954880103	0.0125810954880103	0.2765957446808511	0.2127659574468085	middle	low	middle	middle_band	False	False	False	False	Middle	a																		
HCC38	ACH-000276	STAT3	394.0	1666.0	3.0	14485.0	36601.0	mtx_protospacer	primary	intergenic_chr_	verified_via_num_features_eq_1	num_features	2.1690524844948564	0.0049421595924907	0.1391085006354987	0.1126639227367692	0.0956025794663906	0.0311419036012821	0.1190027672929794	1.0	0.0005423560077098	0.0235621693286022	True	True	both	0.0049421595924907	0.0235621693286022	0.0235621693286022	0.3829787234042553	0.3404255319148936	middle	middle	middle	middle_band	False	False	False	False	Middle	a																		
HCC38	ACH-000276	TAB3	246.0	1666.0	3.0	14485.0	36601.0	mtx_protospacer	primary	intergenic_chr_	verified_via_num_features_eq_1	num_features	2.217455001567444	0.005355838101385	0.114017289823758	0.0978956748520773	0.0850066187967571	0.0249696880808653	0.1290381142988366	0.0	-0.0196506729762948	0.0271522701939877	True	True	both	0.005355838101385	0.0271522701939877	0.0271522701939877	0.5106382978723404	0.3829787234042553	middle	middle	middle	middle_band	False	False	False	False	Middle	a																		
HCC38	ACH-000276	TADA3	177.0	1666.0	3.0	14485.0	36601.0	mtx_protospacer	primary	intergenic_chr_	verified_via_num_features_eq_1	num_features	4.428444823703298	0.0091400872937874	0.3129610938882555	0.2635173067240429	0.2227798496556798	0.0393854537045431	0.6329673762959622	28.0	-0.0575575471120086	0.035551946395066	True	True	both	0.0091400872937874	0.035551946395066	0.035551946395066	0.851063829787234	0.4468085106382978	high	middle	middle	middle_band	False	False	False	False	Middle	a																		
HCC38	ACH-000276	THAP8	276.0	1666.0	3.0	14485.0	36601.0	mtx_protospacer	primary	intergenic_chr_	verified_via_num_features_eq_1	num_features	2.120590397995916	0.0050563694115236	0.1384116913566634	0.1078925882006374	0.0888703003149877	0.0291494167306406	0.1164441090834849	1.0	-0.0175508210223816	0.0267473201978675	True	True	both	0.0050563694115236	0.0267473201978675	0.0267473201978675	0.4468085106382978	0.3617021276595745	middle	middle	middle	middle_band	False	False	False	False	Middle	a																		
HCC38	ACH-000276	THRA	266.0	1666.0	3.0	14485.0	36601.0	mtx_protospacer	primary	intergenic_chr_	verified_via_num_features_eq_1	num_features	2.5748785168349526	0.0058419151883759	0.1573958526245106	0.1286757735476848	0.1102532488609581	0.0300897509525463	0.2107088300119102	1.0	-0.1244560670130739	0.0573416619307745	True	True	both	0.0058419151883759	0.0573416619307745	0.0573416619307745	0.6170212765957447	0.5106382978723404	middle	middle	middle	middle_band	False	False	False	False	Middle	a																		
HCC38	ACH-000276	TMF1	206.0	1666.0	3.0	14485.0	36601.0	mtx_protospacer	primary	intergenic_chr_	verified_via_num_features_eq_1	num_features	2.6709537577516334	0.00630257681098	0.1531876830274702	0.124800668804402	0.1055387381676619	0.0270505324909654	0.2105036325134683	1.0	-0.1739325679207107	0.0809743969956026	True	True	both	0.00630257681098	0.0809743969956026	0.0809743969956026	0.6595744680851063	0.574468085106383	middle	middle	middle	middle_band	False	False	False	False	Middle	a																		
HCC38	ACH-000276	TMSB4X	352.0	1666.0	3.0	14485.0	36601.0	mtx_protospacer	primary	intergenic_chr_	verified_via_num_features_eq_1	num_features	1.993718373946049	0.0045126915949235	0.1286982144917049	0.0923152190046028	0.0750605716660445	0.0279456813914802	0.0882714320145723	1.0	-0.3380993515689319	0.2174493812731642	True	True	both	0.0045126915949235	0.2174493812731642	0.2174493812731642	0.2340425531914893	0.7021276595744681	low	middle	middle	middle_band	False	False	False	False	Middle	a																		
HCC38	ACH-000276	UBP1	371.0	1666.0	3.0	14485.0	36601.0	mtx_protospacer	primary	intergenic_chr_	verified_via_num_features_eq_1	num_features	1.8193468573847944	0.004398069047543	0.1004645080823037	0.0834677827953865	0.0712476629001502	0.0259259027170281	0.0784365561754363	0.0	0.0228586479772922	0.0201784564207119	True	True	both	0.004398069047543	0.0201784564207119	0.0201784564207119	0.2127659574468085	0.2765957446808511	low	middle	middle	middle_band	False	False	False	False	Middle	a																		
HCC38	ACH-000276	VEZF1	226.0	1666.0	3.0	14485.0	36601.0	mtx_protospacer	primary	intergenic_chr_	verified_via_num_features_eq_1	num_features	3.330757494619107	0.0073740581188237	0.2235085119879868	0.1803066484422265	0.1498371397487532	0.0334027511210422	0.2807418710220162	6.0	-0.151644262020672	0.0694464693745538	True	True	both	0.0073740581188237	0.0694464693745538	0.0694464693745538	0.723404255319149	0.5319148936170213	middle	middle	middle	middle_band	False	False	False	False	Middle	a																		
HCC38	ACH-000276	XBP1	394.0	1666.0	3.0	14485.0	36601.0	mtx_protospacer	primary	intergenic_chr_	verified_via_num_features_eq_1	num_features	1.6387798034173342	0.0040282961697656	0.087145105802549	0.0700744451239921	0.0605384801772897	0.0237637692835503	0.0534082969123836	0.0	0.1080243659617565	0.0113924113087519	True	True	both	0.0040282961697656	0.0113924113087519	0.0113924113087519	0.0638297872340425	0.1914893617021276	low	low	Q4_low_information	low_information_background	False	False	False	True	Low-information	a																		
HCC38	ACH-000276	YBX1	177.0	1666.0	3.0	14485.0	36601.0	mtx_protospacer	primary	intergenic_chr_	verified_via_num_features_eq_1	num_features	3.716232319681118	0.0076494599161971	0.296725981651033	0.2087989466071953	0.1659800641247169	0.0372884716504693	0.3267866473850915	6.0	-2.475443696624305	1.0	True	True	both	0.0076494599161971	1.0	1.0	0.7446808510638298	0.9893617021276596	middle	high	middle	middle_band	False	False	False	False	Middle	a																		
HCC38	ACH-000276	ZBTB17	139.0	1666.0	3.0	14485.0	36601.0	mtx_protospacer	primary	intergenic_chr_	verified_via_num_features_eq_1	num_features	3.493035111075968	0.0079465191255336	0.2434304783179587	0.1850768306895693	0.1523329168587025	0.0318164832261847	0.2812396124402099	6.0	-0.3779576510823618	0.2634223656448051	True	True	both	0.0079465191255336	0.2634223656448051	0.2634223656448051	0.7659574468085106	0.7659574468085106	high	high	Q1_anchor	canonical_bridge_anchor	True	False	False	False	Anchor	a																		
HCC38	ACH-000276	ZBTB20	471.0	1666.0	3.0	14485.0	36601.0	mtx_protospacer	primary	intergenic_chr_	verified_via_num_features_eq_1	num_features	2.1590019433283736	0.0048062658192207	0.1586639509474276	0.1182706957356272	0.0961553566049611	0.0336160296521991	0.1508912088631611	1.0	0.3536029010287363	0.0018330352467763	True	True	both	0.0048062658192207	0.0018330352467763	0.0018330352467763	0.3404255319148936	0.0212765957446808	middle	low	middle	middle_band	False	False	False	False	Middle	a																		
HCC38	ACH-000276	ZBTB5	363.0	1666.0	3.0	14485.0	36601.0	mtx_protospacer	primary	intergenic_chr_	verified_via_num_features_eq_1	num_features	1.897499312170974	0.0046384099549855	0.1004758696874288	0.082120000459826	0.0705670061833454	0.0241856000148222	0.1016468397215959	0.0	0.0729011804312269	0.0143722132742512	True	True	both	0.0046384099549855	0.0143722132742512	0.0143722132742512	0.2978723404255319	0.2340425531914893	middle	low	middle	middle_band	False	False	False	False	Middle	a																		
HCC38	ACH-000276	ZNF131	118.0	1666.0	3.0	14485.0	36601.0	mtx_protospacer	primary	intergenic_chr_	verified_via_num_features_eq_1	num_features	4.415636227925105	0.0098454685363047	0.2597964569267739	0.2207385643481376	0.1910901722920044	0.0306280169064887	0.5302329603365514	7.0	-0.6933601874242165	0.6622862073859538	True	True	both	0.0098454685363047	0.6622862073859538	0.6622862073859538	0.9148936170212766	0.851063829787234	high	high	Q1_anchor	canonical_bridge_anchor	True	False	False	False	Anchor	a																		
HCC38	ACH-000276	ZNF24	472.0	1666.0	3.0	14485.0	36601.0	mtx_protospacer	primary	intergenic_chr_	verified_via_num_features_eq_1	num_features	1.6212123105803893	0.0039710221358838	0.0862328053219656	0.0709681759290118	0.0612238559245389	0.0244139689558896	0.0562199366663307	0.0	-0.0751354213507236	0.0403071652767106	True	True	both	0.0039710221358838	0.0403071652767106	0.0403071652767106	0.0425531914893617	0.4680851063829787	low	middle	middle	middle_band	False	False	False	False	Middle	a																		
HCC38	ACH-000276	ZNF566	372.0	1666.0	3.0	14485.0	36601.0	mtx_protospacer	primary	intergenic_chr_	verified_via_num_features_eq_1	num_features	1.9239272325468384	0.0045411647163488	0.1261441377977676	0.0995397652500455	0.0829012923357863	0.0299437653257454	0.103317479699573	0.0	-0.1834100057572494	0.0863639716532793	True	True	both	0.0045411647163488	0.0863639716532793	0.0863639716532793	0.2553191489361702	0.5957446808510638	middle	middle	middle	middle_band	False	False	False	False	Middle	a																		
HCC1143	ACH-000374	ARID1A	195.0	1325.0	3.0	11636.0	36601.0	mtx_protospacer	primary	intergenic_chr_	verified_via_num_features_eq_1	num_features	3.4463519189121863	0.0073327186787757	0.2500565427239029	0.2007866035932409	0.1676035872613459	0.0374064731664861	0.4000778801630993	8.0	-0.330631842036614	0.2654515287532237	True	True	both	0.0073327186787757	0.2654515287532237	0.2654515287532237	0.6875	0.7916666666666666	middle	high	middle	middle_band	False	False	False	False	Middle	b																		
HCC1143	ACH-000374	BMPR1A	93.0	1325.0	3.0	11636.0	36601.0	mtx_protospacer	primary	intergenic_chr_	verified_via_num_features_eq_1	num_features	3.162989495400181	0.0070281282052424	0.2468947670309841	0.1899910203131733	0.1508672131512466	0.0369292470579484	0.3718529994281674	6.0	-0.3585628390298763	0.307130270365165	True	True	both	0.0070281282052424	0.307130270365165	0.307130270365165	0.6666666666666666	0.8125	middle	high	middle	middle_band	False	False	False	False	Middle	b																		
HCC1143	ACH-000374	CDKN2A	169.0	1325.0	3.0	11636.0	36601.0	mtx_protospacer	primary	intergenic_chr_	verified_via_num_features_eq_1	num_features	2.084157760547977	0.0050523230156554	0.1076107932410576	0.0882028309437659	0.076917506955731	0.0238489063690797	0.12153266987956	0.0	0.5380502468314596	6.198489826465077e-05	True	True	both	0.0050523230156554	6.198489826465077e-05	6.198489826465077e-05	0.3958333333333333	0.0208333333333333	middle	low	middle	middle_band	False	False	False	False	Middle	b																		
HCC1143	ACH-000374	COMMD6	324.0	1325.0	3.0	11636.0	36601.0	mtx_protospacer	primary	intergenic_chr_	verified_via_num_features_eq_1	num_features	1.9629627640817848	0.0045342930040741	0.1255758532539634	0.095691376233032	0.0794509411087985	0.0288297099568098	0.1174521441587685	1.0	-0.2218216265227303	0.1351756293730245	True	True	both	0.0045342930040741	0.1351756293730245	0.1351756293730245	0.1875	0.625	low	middle	middle	middle_band	False	False	False	False	Middle	b																		
HCC1143	ACH-000374	ENY2	161.0	1325.0	3.0	11636.0	36601.0	mtx_protospacer	primary	intergenic_chr_	verified_via_num_features_eq_1	num_features	4.81257682403588	0.0105137437444661	0.3002357544370303	0.245898627127064	0.2103480314363766	0.0319503610054262	0.6093855920338918	18.0	-0.2358088308059663	0.148881151602389	True	True	both	0.0105137437444661	0.148881151602389	0.148881151602389	0.875	0.6875	high	middle	middle	middle_band	False	False	False	False	Middle	b																		
HCC1143	ACH-000374	ERC1	412.0	1325.0	3.0	11636.0	36601.0	mtx_protospacer	primary	intergenic_chr_	verified_via_num_features_eq_1	num_features	2.171773525634778	0.0048784834929897	0.1315724429370423	0.1061191114095798	0.0907487953108761	0.0297156899314862	0.1750005664808043	0.0	-0.0379118967638982	0.0303840215886299	True	True	both	0.0048784834929897	0.0303840215886299	0.0303840215886299	0.3541666666666667	0.4583333333333333	middle	middle	middle	middle_band	False	False	False	False	Middle	b																		
HCC1143	ACH-000374	ETV3	187.0	1325.0	3.0	11636.0	36601.0	mtx_protospacer	primary	intergenic_chr_	verified_via_num_features_eq_1	num_features	2.391418251940516	0.0053871026377591	0.1535834527430306	0.1294524257411028	0.1095638012289562	0.0328270605316768	0.1827440545576912	0.0	-0.2314760637952857	0.1444988533493548	True	True	both	0.0053871026377591	0.1444988533493548	0.1444988533493548	0.4791666666666667	0.6666666666666666	middle	middle	middle	middle_band	False	False	False	False	Middle	b																		
HCC1143	ACH-000374	GON4L	115.0	1325.0	3.0	11636.0	36601.0	mtx_protospacer	primary	intergenic_chr_	verified_via_num_features_eq_1	num_features	3.3323369388260327	0.0076879048971422	0.1922887026678514	0.161483517784701	0.1393255308248197	0.0286944068957063	0.4164333526417643	2.0	-0.2362581803183601	0.1493363288328347	True	True	both	0.0076879048971422	0.1493363288328347	0.1493363288328347	0.7291666666666666	0.7083333333333334	middle	middle	middle	middle_band	False	False	False	False	Middle	b																		
HCC1143	ACH-000374	HDGF	319.0	1325.0	3.0	11636.0	36601.0	mtx_protospacer	primary	intergenic_chr_	verified_via_num_features_eq_1	num_features	1.703063739115492	0.0039901671750222	0.1002500020362248	0.08030593735893	0.0680328257306765	0.0274937270779462	0.0841328871467936	1.0	0.0093193516536966	0.0196252078195258	True	True	both	0.0039901671750222	0.0196252078195258	0.0196252078195258	0.0625	0.3125	low	middle	middle	middle_band	False	False	False	False	Middle	b																		
HCC1143	ACH-000374	HLX	213.0	1325.0	3.0	11636.0	36601.0	mtx_protospacer	primary	intergenic_chr_	verified_via_num_features_eq_1	num_features	2.1525423051369463	0.0050212083343797	0.1183259360821837	0.1015301358061796	0.0877017044147186	0.0276225506899457	0.1231875478785546	0.0	-0.0105503675972533	0.0236239287972883	True	True	both	0.0050212083343797	0.0236239287972883	0.0236239287972883	0.375	0.375	middle	middle	middle	middle_band	False	False	False	False	Middle	b																		
HCC1143	ACH-000374	KLF3	223.0	1325.0	3.0	11636.0	36601.0	mtx_protospacer	primary	intergenic_chr_	verified_via_num_features_eq_1	num_features	2.4761644999238697	0.0053919861225157	0.1881382537157601	0.1505542740427385	0.122328178342757	0.0381435733886613	0.1945770359183321	2.0	-0.0596711039921486	0.0369385703770605	True	True	both	0.0053919861225157	0.0369385703770605	0.0369385703770605	0.5	0.4791666666666667	middle	middle	middle	middle_band	False	False	False	False	Middle	b																		
HCC1143	ACH-000374	LAMTOR5	274.0	1325.0	3.0	11636.0	36601.0	mtx_protospacer	primary	intergenic_chr_	verified_via_num_features_eq_1	num_features	4.656042860446887	0.0093777769035242	0.3361817534457523	0.268764173762782	0.2232296937990088	0.0391515114989793	0.889240263691832	25.0	-0.2080048465520216	0.1226400958971878	True	True	both	0.0093777769035242	0.1226400958971878	0.1226400958971878	0.8125	0.5833333333333334	high	middle	middle	middle_band	False	False	False	False	Middle	b																		
HCC1143	ACH-000374	MAML3	341.0	1325.0	3.0	11636.0	36601.0	mtx_protospacer	primary	intergenic_chr_	verified_via_num_features_eq_1	num_features	1.7996119267653603	0.0042930848646172	0.091433009947153	0.0777201447293888	0.0679920941316753	0.0247309716847381	0.0960111580299525	0.0	0.1521238451421929	0.0050198572939971	True	True	both	0.0042930848646172	0.0050198572939971	0.0050198572939971	0.0833333333333333	0.0625	low	low	Q4_low_information	low_information_background	False	False	False	True	Low-information	b																		
HCC1143	ACH-000374	MIER1	254.0	1325.0	3.0	11636.0	36601.0	mtx_protospacer	primary	intergenic_chr_	verified_via_num_features_eq_1	num_features	2.6261656244995977	0.0057833931966825	0.1640106146213822	0.1368533357382857	0.1172104117548282	0.0323258327021293	0.2492403569573937	0.0	0.0742152031018489	0.0105919574277721	True	True	both	0.0057833931966825	0.0105919574277721	0.0105919574277721	0.5416666666666666	0.2083333333333333	middle	low	middle	middle_band	False	False	False	False	Middle	b																		
HCC1143	ACH-000374	MTDH	290.0	1325.0	3.0	11636.0	36601.0	mtx_protospacer	primary	intergenic_chr_	verified_via_num_features_eq_1	num_features	2.296174525630673	0.0047338690320834	0.2095899325677764	0.1497363209587659	0.1156102864746154	0.0432103687855432	0.1332298153306617	2.0	0.0581370024256225	0.0123435627679496	True	True	both	0.0047338690320834	0.0123435627679496	0.0123435627679496	0.3333333333333333	0.2708333333333333	middle	middle	middle	middle_band	False	False	False	False	Middle	b																		
HCC1143	ACH-000374	MYBL1	142.0	1325.0	3.0	11636.0	36601.0	mtx_protospacer	primary	intergenic_chr_	verified_via_num_features_eq_1	num_features	4.1759196436307295	0.0084130142568229	0.3361039816608807	0.2668547753041411	0.2185250112660801	0.0433311691354306	0.5907728045063401	19.0	0.0019970126997557	0.0210310036855235	True	True	both	0.0084130142568229	0.0210310036855235	0.0210310036855235	0.7916666666666666	0.3333333333333333	high	middle	middle	middle_band	False	False	False	False	Middle	b																		
HCC1143	ACH-000374	NCOA1	334.0	1325.0	3.0	11636.0	36601.0	mtx_protospacer	primary	intergenic_chr_	verified_via_num_features_eq_1	num_features	1.6312942916912654	0.0039071575713196	0.0907210947387676	0.0752827257652039	0.0648179491265527	0.0263215501288392	0.0731338820429883	0.0	-0.0161660097106361	0.0248991192692647	True	True	both	0.0039071575713196	0.0248991192692647	0.0248991192692647	0.0208333333333333	0.3958333333333333	low	middle	middle	middle_band	False	False	False	False	Middle	b																		
HCC1143	ACH-000374	NPM1	125.0	1325.0	3.0	11636.0	36601.0	mtx_protospacer	primary	intergenic_chr_	verified_via_num_features_eq_1	num_features	3.688200648316474	0.0074812035133293	0.2928373612737136	0.2060386767628906	0.1637191036100164	0.0376230791353482	0.3838963707104597	7.0	-0.2486990570176843	0.1622748801750765	True	True	both	0.0074812035133293	0.1622748801750765	0.1622748801750765	0.7083333333333334	0.7291666666666666	middle	middle	middle	middle_band	False	False	False	False	Middle	b																		
HCC1143	ACH-000374	PA2G4	154.0	1325.0	3.0	11636.0	36601.0	mtx_protospacer	primary	intergenic_chr_	verified_via_num_features_eq_1	num_features	2.723108581584277	0.0059315461556859	0.2027380708011998	0.1473484860309772	0.1188720883608915	0.0339355441106195	0.1533624259988109	1.0	-0.1608978437052549	0.0861889371200693	True	True	both	0.0059315461556859	0.0861889371200693	0.0861889371200693	0.5833333333333334	0.5625	middle	middle	middle	middle_band	False	False	False	False	Middle	b																		
HCC1143	ACH-000374	PARK7	215.0	1325.0	3.0	11636.0	36601.0	mtx_protospacer	primary	intergenic_chr_	verified_via_num_features_eq_1	num_features	2.928387425848147	0.0061480042391653	0.1984621218763775	0.150449593105378	0.1250265177823636	0.0334298103159538	0.2262716427173607	1.0	-0.2182235899354996	0.1318604273725387	True	True	both	0.0061480042391653	0.1318604273725387	0.1318604273725387	0.6458333333333334	0.6041666666666666	middle	middle	middle	middle_band	False	False	False	False	Middle	b																		
HCC1143	ACH-000374	PCBD1	214.0	1325.0	3.0	11636.0	36601.0	mtx_protospacer	primary	intergenic_chr_	verified_via_num_features_eq_1	num_features	1.9660380677668263	0.004675198066501	0.1145424014773016	0.0935386938756392	0.078674640753074	0.027331806653879	0.1345050472723699	1.0	0.0683543828600407	0.0111916491629234	True	True	both	0.004675198066501	0.0111916491629234	0.0111916491629234	0.3125	0.25	middle	low	middle	middle_band	False	False	False	False	Middle	b																		
HCC1143	ACH-000374	PEX14	282.0	1325.0	3.0	11636.0	36601.0	mtx_protospacer	primary	intergenic_chr_	verified_via_num_features_eq_1	num_features	1.9268910846893088	0.0044493142820248	0.1182909494126737	0.096736898593262	0.0819814142827232	0.0297013458707664	0.1122548489839125	0.0	-0.0066559675281558	0.0227993432195642	True	True	both	0.0044493142820248	0.0227993432195642	0.0227993432195642	0.1458333333333333	0.3541666666666667	low	middle	middle	middle_band	False	False	False	False	Middle	b																		
HCC1143	ACH-000374	PFDN5	57.0	1325.0	3.0	11636.0	36601.0	mtx_protospacer	primary	intergenic_chr_	verified_via_num_features_eq_1	num_features	4.766008110486418	0.0102329499993855	0.3678506816140182	0.2788155707784975	0.2260696959735927	0.0372214446292738	0.8441328021229424	23.0	-1.230578156287104	0.9694975960688984	True	True	both	0.0102329499993855	0.9694975960688984	0.9694975960688984	0.8333333333333334	0.8958333333333334	high	high	Q1_anchor	canonical_bridge_anchor	True	False	False	False	Anchor	b																		
HCC1143	ACH-000374	PMF1	40.0	1325.0	3.0	11636.0	36601.0	mtx_protospacer	primary	intergenic_chr_	verified_via_num_features_eq_1	num_features	5.460196344335996	0.0127756932567781	0.2975810380601958	0.2479672712088868	0.2158728362702784	0.0265147135767589	1.0245916696123525	17.0	-1.119192133800067	0.9510487581740272	True	True	both	0.0127756932567781	0.9510487581740272	0.9510487581740272	0.9583333333333334	0.875	high	high	Q1_anchor	canonical_bridge_anchor	True	False	False	False	Anchor	b																		
HCC1143	ACH-000374	PRDX2	186.0	1325.0	3.0	11636.0	36601.0	mtx_protospacer	primary	intergenic_chr_	verified_via_num_features_eq_1	num_features	2.4223981708602773	0.0055213995831513	0.1622212914400048	0.1263128260871225	0.1048458978319567	0.0312518209197535	0.1867747801282995	1.0	-0.252200600989717	0.1660158727868937	True	True	both	0.0055213995831513	0.1660158727868937	0.1660158727868937	0.5208333333333334	0.75	middle	high	middle	middle_band	False	False	False	False	Middle	b																		
HCC1143	ACH-000374	PRPF6	23.0	1325.0	3.0	11636.0	36601.0	mtx_protospacer	primary	intergenic_chr_	verified_via_num_features_eq_1	num_features	6.723676671381678	0.0154111896961658	0.3700960036228474	0.3162707465826982	0.2734390827387445	0.0280349580576676	1.3888179558882818	53.0	-1.862027728723321	1.0	True	True	both	0.0154111896961658	1.0	1.0	0.9791666666666666	0.96875	high	high	Q1_anchor	canonical_bridge_anchor	True	False	False	False	Anchor	b																		
HCC1143	ACH-000374	RORC	230.0	1325.0	3.0	11636.0	36601.0	mtx_protospacer	primary	intergenic_chr_	verified_via_num_features_eq_1	num_features	1.921562432852684	0.0045634026869297	0.1134821055779042	0.0928923691808148	0.0788857950508408	0.0278079067788911	0.0900798621157079	0.0	-0.0824404967576715	0.0451125018855452	True	True	both	0.0045634026869297	0.0451125018855452	0.0451125018855452	0.2291666666666666	0.5	low	middle	middle	middle_band	False	False	False	False	Middle	b																		
HCC1143	ACH-000374	RPS3	72.0	1325.0	3.0	11636.0	36601.0	mtx_protospacer	primary	intergenic_chr_	verified_via_num_features_eq_1	num_features	3.49877472663025	0.007860948328555	0.2236248683791814	0.168831286242984	0.1410125990089198	0.0293396575646691	0.3122553820168789	2.0	-1.8308395717061807	1.0	True	True	both	0.007860948328555	1.0	1.0	0.7708333333333334	0.96875	high	high	Q1_anchor	canonical_bridge_anchor	True	False	False	False	Anchor	b																		
HCC1143	ACH-000374	RUVBL2	51.0	1325.0	3.0	11636.0	36601.0	mtx_protospacer	primary	intergenic_chr_	verified_via_num_features_eq_1	num_features	5.345672749772987	0.0119327730703482	0.2984163603314346	0.2582937055568975	0.2264243925045004	0.0295698753915554	1.0355165695804445	23.0	-3.079405316707214	1.0	True	True	both	0.0119327730703482	1.0	1.0	0.9375	0.96875	high	high	Q1_anchor	canonical_bridge_anchor	True	False	False	False	Anchor	b																		
HCC1143	ACH-000374	SMAD1	299.0	1325.0	3.0	11636.0	36601.0	mtx_protospacer	primary	intergenic_chr_	verified_via_num_features_eq_1	num_features	1.9146500705205347	0.0045476060135123	0.0990409886603979	0.0831830877251082	0.0729409950915146	0.0249878711713898	0.0967119214128295	0.0	-0.0350665523770763	0.0296077539081418	True	True	both	0.0045476060135123	0.0296077539081418	0.0296077539081418	0.2083333333333333	0.4375	low	middle	middle	middle_band	False	False	False	False	Middle	b																		
HCC1143	ACH-000374	SS18L2	26.0	1325.0	3.0	11636.0	36601.0	mtx_protospacer	primary	intergenic_chr_	verified_via_num_features_eq_1	num_features	11.5977256376572	0.0243279181183303	0.6977151119201654	0.5932496586215098	0.5114334740029965	0.0333126824300744	4.690976596338615	472.0	-3.306704834241443	1.0	True	True	both	0.0243279181183303	1.0	1.0	1.0	0.96875	high	high	Q1_anchor	canonical_bridge_anchor	True	False	False	False	Anchor	b																		
HCC1143	ACH-000374	STAT3	305.0	1325.0	3.0	11636.0	36601.0	mtx_protospacer	primary	intergenic_chr_	verified_via_num_features_eq_1	num_features	2.0256258230145	0.0045791788860737	0.1496100459521547	0.1127118313796179	0.0920104049810755	0.0336247411642358	0.1083618517264746	0.0	0.1832408329754175	0.0037329167002494	True	True	both	0.0045791788860737	0.0037329167002494	0.0037329167002494	0.25	0.0416666666666666	low	low	Q4_low_information	low_information_background	False	False	False	True	Low-information	b																		
HCC1143	ACH-000374	TAB3	222.0	1325.0	3.0	11636.0	36601.0	mtx_protospacer	primary	intergenic_chr_	verified_via_num_features_eq_1	num_features	2.656227587222326	0.0060275444241772	0.1441948847255038	0.1241804565092646	0.1070582133531146	0.0281442633114059	0.2559222883587218	0.0	0.0976441247104035	0.0084525379475361	True	True	both	0.0060275444241772	0.0084525379475361	0.0084525379475361	0.625	0.125	middle	low	middle	middle_band	False	False	False	False	Middle	b																		
HCC1143	ACH-000374	TADA3	133.0	1325.0	3.0	11636.0	36601.0	mtx_protospacer	primary	intergenic_chr_	verified_via_num_features_eq_1	num_features	5.1135832829938925	0.0103750807743799	0.3561943203740359	0.2862839964487921	0.2417076083553898	0.0376949036690522	0.9134916210408156	28.0	-0.3196085427253	0.2498577956515995	True	True	both	0.0103750807743799	0.2498577956515995	0.2498577956515995	0.8541666666666666	0.7708333333333334	high	high	Q1_anchor	canonical_bridge_anchor	True	False	False	False	Anchor	b																		
HCC1143	ACH-000374	THAP8	335.0	1325.0	3.0	11636.0	36601.0	mtx_protospacer	primary	intergenic_chr_	verified_via_num_features_eq_1	num_features	2.4487280363408086	0.0050716034302432	0.203478245365339	0.1614005195151411	0.1293091272579664	0.0434747100814318	0.2009987014349121	4.0	0.0324986749282021	0.0157775614105068	True	True	both	0.0050716034302432	0.0157775614105068	0.0157775614105068	0.4166666666666667	0.2916666666666667	middle	middle	middle	middle_band	False	False	False	False	Middle	b																		
HCC1143	ACH-000374	THRA	188.0	1325.0	3.0	11636.0	36601.0	mtx_protospacer	primary	intergenic_chr_	verified_via_num_features_eq_1	num_features	2.3724404917219064	0.0053431820384494	0.1597963187190939	0.1251220880109191	0.105011245365181	0.031989766182778	0.160967980882166	2.0	-0.0854627248517602	0.0463338341696651	True	True	both	0.0053431820384494	0.0463338341696651	0.0463338341696651	0.4583333333333333	0.5208333333333334	middle	middle	middle	middle_band	False	False	False	False	Middle	b																		
HCC1143	ACH-000374	TMF1	145.0	1325.0	3.0	11636.0	36601.0	mtx_protospacer	primary	intergenic_chr_	verified_via_num_features_eq_1	num_features	2.502337580432542	0.0058951763799742	0.1427124538360147	0.1199486007606292	0.1023099716615471	0.0277955604863939	0.2074845209660623	1.0	-0.2262288778701592	0.1394316818255967	True	True	both	0.0058951763799742	0.1394316818255967	0.1394316818255967	0.5625	0.6458333333333334	middle	middle	middle	middle_band	False	False	False	False	Middle	b																		
HCC1143	ACH-000374	TMSB4X	266.0	1325.0	3.0	11636.0	36601.0	mtx_protospacer	primary	intergenic_chr_	verified_via_num_features_eq_1	num_features	1.8624986123191989	0.0039703565382887	0.1353937214178092	0.0906404043980636	0.0702689667115929	0.0311866969001848	0.0683548104911579	1.0	0.091112482425534	0.0090048231316929	True	True	both	0.0039703565382887	0.0090048231316929	0.0090048231316929	0.0416666666666666	0.1666666666666666	low	low	Q4_low_information	low_information_background	False	False	False	True	Low-information	b																		
HCC1143	ACH-000374	UBP1	267.0	1325.0	3.0	11636.0	36601.0	mtx_protospacer	primary	intergenic_chr_	verified_via_num_features_eq_1	num_features	1.9683247358074805	0.0046551429363536	0.1032742547015614	0.0873382637008149	0.0763105857753129	0.0256299988328479	0.11530028942785	0.0	0.0714133084074786	0.0108785135935251	True	True	both	0.0046551429363536	0.0108785135935251	0.0108785135935251	0.2916666666666667	0.2291666666666666	middle	low	middle	middle_band	False	False	False	False	Middle	b																		
HCC1143	ACH-000374	VEZF1	255.0	1325.0	3.0	11636.0	36601.0	mtx_protospacer	primary	intergenic_chr_	verified_via_num_features_eq_1	num_features	2.8398473940734115	0.0060274132373266	0.204011011578	0.1663444351154619	0.1391198841753344	0.0377011295494221	0.2371054131645706	2.0	-0.0273314385525012	0.0275909199432945	True	True	both	0.0060274132373266	0.0275909199432945	0.0275909199432945	0.6041666666666666	0.4166666666666667	middle	middle	middle	middle_band	False	False	False	False	Middle	b																		
HCC1143	ACH-000374	XBP1	314.0	1325.0	3.0	11636.0	36601.0	mtx_protospacer	primary	intergenic_chr_	verified_via_num_features_eq_1	num_features	2.055446583049452	0.0045885756847594	0.1405954723102743	0.1133508613668011	0.0942623941148673	0.0337461302507138	0.1124961889841955	1.0	0.097035867478511	0.0085039693399301	True	True	both	0.0045885756847594	0.0085039693399301	0.0085039693399301	0.2708333333333333	0.1458333333333333	middle	low	middle	middle_band	False	False	False	False	Middle	b																		
HCC1143	ACH-000374	YBX1	177.0	1325.0	3.0	11636.0	36601.0	mtx_protospacer	primary	intergenic_chr_	verified_via_num_features_eq_1	num_features	3.8245990837962864	0.0077493948528648	0.2747349702501908	0.2045421658170788	0.1668213502598506	0.0360572095126519	0.5152004796380538	3.0	-1.377081609330736	0.9913468022551738	True	True	both	0.0077493948528648	0.9913468022551738	0.9913468022551738	0.75	0.9166666666666666	high	high	Q1_anchor	canonical_bridge_anchor	True	False	False	False	Anchor	b																		
HCC1143	ACH-000374	ZBTB17	75.0	1325.0	3.0	11636.0	36601.0	mtx_protospacer	primary	intergenic_chr_	verified_via_num_features_eq_1	num_features	4.928221899857864	0.010587215682323	0.331468708688747	0.267377969903978	0.2236981831707293	0.0345001445001319	0.7729151982489384	22.0	-0.636991913780868	0.7578619386258375	True	True	both	0.010587215682323	0.7578619386258375	0.7578619386258375	0.9166666666666666	0.8333333333333334	high	high	Q1_anchor	canonical_bridge_anchor	True	False	False	False	Anchor	b																		
HCC1143	ACH-000374	ZBTB20	315.0	1325.0	3.0	11636.0	36601.0	mtx_protospacer	primary	intergenic_chr_	verified_via_num_features_eq_1	num_features	1.889601177535932	0.0043814448697306	0.1077172651828048	0.0933920281454992	0.0808197685766823	0.0291185341526321	0.1147564493371859	0.0	0.1050163545153338	0.0078803596044426	True	True	both	0.0043814448697306	0.0078803596044426	0.0078803596044426	0.125	0.0833333333333333	low	low	Q4_low_information	low_information_background	False	False	False	True	Low-information	b																		
HCC1143	ACH-000374	ZBTB5	212.0	1325.0	3.0	11636.0	36601.0	mtx_protospacer	primary	intergenic_chr_	verified_via_num_features_eq_1	num_features	2.288843476575004	0.0053368219337521	0.1208816370446684	0.1003946202476223	0.0881711576463742	0.0256983229089007	0.1865780187702945	0.0	-0.1471075087045335	0.0773557703888747	True	True	both	0.0053368219337521	0.0773557703888747	0.0773557703888747	0.4375	0.5416666666666666	middle	middle	middle	middle_band	False	False	False	False	Middle	b																		
HCC1143	ACH-000374	ZNF131	43.0	1325.0	3.0	11636.0	36601.0	mtx_protospacer	primary	intergenic_chr_	verified_via_num_features_eq_1	num_features	4.608186179220708	0.0105522037854389	0.2597907369298721	0.2188515031520965	0.1880083787940291	0.0283324034335955	0.5367398728001795	10.0	-1.08124407956173	0.9463812533969612	True	True	both	0.0105522037854389	0.9463812533969612	0.9463812533969612	0.8958333333333334	0.8541666666666666	high	high	Q1_anchor	canonical_bridge_anchor	True	False	False	False	Anchor	b																		
HCC1143	ACH-000374	ZNF24	462.0	1325.0	3.0	11636.0	36601.0	mtx_protospacer	primary	intergenic_chr_	verified_via_num_features_eq_1	num_features	1.8788468529612183	0.0043616307953344	0.0982876407852587	0.0850611388327131	0.0738620875172668	0.0266415412373212	0.1192620324561808	0.0	0.0882223029314296	0.0092505619875028	True	True	both	0.0043616307953344	0.0092505619875028	0.0092505619875028	0.1041666666666666	0.1875	low	low	Q4_low_information	low_information_background	False	False	False	True	Low-information	b																		
HCC1143	ACH-000374	ZNF566	372.0	1325.0	3.0	11636.0	36601.0	mtx_protospacer	primary	intergenic_chr_	verified_via_num_features_eq_1	num_features	2.020865157655443	0.0044548810181222	0.1472940403296591	0.1159120095450754	0.0953521956532538	0.0355442519775766	0.1436895844683867	0.0	0.1001260553605671	0.0082561267211935	True	True	both	0.0044548810181222	0.0082561267211935	0.0082561267211935	0.1666666666666666	0.1041666666666666	low	low	Q4_low_information	low_information_background	False	False	False	True	Low-information	b																		
HCC1143																																	Q1_anchor						Anchor	c	10.0	0.20833333333333334																
HCC1143																																	Q4_low_information						Low-information	c	6.0	0.125																
HCC1143																																	middle						Middle	c	32.0	0.6666666666666666																
HCC38																																	Q1_anchor						Anchor	c	9.0	0.19148936170212766																
HCC38																																	Q4_low_information						Low-information	c	6.0	0.1276595744680851																
HCC38																																	middle						Middle	c	32.0	0.6808510638297872																
HCC38																																								d	47.0		real_shift_mean_abs	depmap_gene_dependency	0.7257957275155708	1000.0	0.0003714260936477	0.149158333570385	-0.3670133851378984	-0.3011563702799313	-0.0026307421016457	0.2869489174683512	0.4018877744444837	0.2949061895944829	0.0009990009990009	1276453582.0		
HCC1143																																								d	48.0		real_shift_mean_abs	depmap_gene_dependency	0.7792497165337711	1000.0	-0.0019366958746041	0.1459612460513592	-0.3423177280152517	-0.2793976431734833	-0.0062435530830755	0.2887928332693635	0.3418016847799939	0.2851023504796064	0.0009990009990009	27998311.0		
		PFDN5																																						e																	primary qualified	cleaner audited profile
		PMF1																																						e																	supporting only	UMI/TVD exposed
		PRPF6																																						e																	supporting only	UMI/TVD exposed
		ZNF131																																						e																	supporting only	UMI/TVD exposed
		cutoff-sensitive set (5)																																						e																	supporting only	not primary wording
