model_id	object_role	cell_line	target_gene	predicted_shift_mean_abs	predicted_shift_l2	predicted_topk_abs_shift	expected_axis	predicted_shift_axis_aligned_magnitude	axis_total_magnitude	top_axis	top_axis_magnitude	axis_entropy	stress_axis_magnitude	top_axis_share	common_axis_dominance_score	stress_axis_share	observed_shift_mean_abs	observed_shift_l2	depmap_gene_effect	dependency_strength	endpoint_category	depmap_gene_dependency	residual	quadrant
null_model		HCC38	ARID1A	0.0	0.0	0.0	chromatin remodeling	0.0	0.0	ER stress / UPR	0.0		0.0				0.0085365617536346	4.5521106820450274	-0.1959555409927433	0.1959555409927433	shift_excess	0.0939245801107399	0.0024842926660479	middle
null_model		HCC38	BMPR1A	0.0	0.0	0.0	TGF-beta / BMP signaling	0.0	0.0	ER stress / UPR	0.0		0.0				0.0056197913890013	2.4112086854129164	-0.3519701364399601	0.3519701364399601	dependency_excess	0.2329854350238944	-0.0008580873192481	middle
null_model		HCC38	CDKN2A	0.0	0.0	0.0	cell cycle / replication	0.0	0.0	ER stress / UPR	0.0		0.0				0.0040551040534158	1.6153802596872924	0.2816188048418129	-0.2816188048418129	low_information	0.0034117871973033	-0.0006943366956666	low_shift_high_depmap
null_model		HCC38	COMMD6	0.0	0.0	0.0	NF-κB / copper signaling	0.0	0.0	ER stress / UPR	0.0		0.0				0.0042202270388882	1.715292039582324	0.1473822164133259	-0.1473822164133259	low_information	0.0087958879569685	-0.0008954126758508	low_shift_high_depmap
null_model		HCC38	ENY2	0.0	0.0	0.0	transcription / chromatin	0.0	0.0	ER stress / UPR	0.0		0.0				0.0103397858020701	4.544919712264169	-0.5509808712071267	0.5509808712071267	Q1_anchor	0.4895161201697765	0.0033190035078499	high_shift_low_depmap
null_model		HCC38	ERC1	0.0	0.0	0.0	synaptic / signaling	0.0	0.0	ER stress / UPR	0.0		0.0				0.00417172244801	1.7068626495623005	0.2188525570329813	-0.2188525570329813	low_information	0.0054295617631019	-0.000748945350976	low_shift_high_depmap
null_model		HCC38	ETV3	0.0	0.0	0.0	transcription regulation	0.0	0.0	ER stress / UPR	0.0		0.0				0.0051298888376656	2.131250251028423	-0.1735948251121793	0.1735948251121793	middle	0.0807914252803547	-0.0008613799584009	middle
null_model		HCC38	GON4L	0.0	0.0	0.0	transcription regulation	0.0	0.0	ER stress / UPR	0.0		0.0				0.0060144581054616	2.438389539750892	-0.4178073081616394	0.4178073081616394	dependency_excess	0.3129469325001975	-0.0006430251686404	middle
null_model		HCC38	HDGF	0.0	0.0	0.0	growth factor / proliferation	0.0	0.0	ER stress / UPR	0.0		0.0				0.0053940020400889	2.310398267970584	-0.0275129839181656	0.0275129839181656	middle	0.0286996254177853	-0.0001987538037882	middle
null_model		HCC38	HLX	0.0	0.0	0.0	transcription regulation	0.0	0.0	ER stress / UPR	0.0		0.0				0.0052991294769277	2.2837459862813443	0.1969791502719058	-0.1969791502719058	middle	0.006315463793662	0.000318790771335	middle
null_model		HCC38	KLF3	0.0	0.0	0.0	transcription regulation	0.0	0.0	ER stress / UPR	0.0		0.0				0.0054676604656395	2.319837106922052	-0.2832468490799181	0.2832468490799181	dependency_excess	0.1616884807733207	-0.0008227403199183	middle
null_model		HCC38	LAMTOR5	0.0	0.0	0.0	mTOR / lysosome / signaling	0.0	0.0	ER stress / UPR	0.0		0.0				0.0106435490794122	5.5264970297394775	-0.1880265849724247	0.1880265849724247	shift_excess	0.0890975409858624	0.004612910275546	middle
null_model		HCC38	MAML3	0.0	0.0	0.0	transcription regulation	0.0	0.0	ER stress / UPR	0.0		0.0				0.0039010408237359	1.5384476186420233	0.1348356419568611	-0.1348356419568611	low_information	0.009549016733777	-0.0012488260912194	low_shift_high_depmap
null_model		HCC38	MIER1	0.0	0.0	0.0	transcription regulation	0.0	0.0	ER stress / UPR	0.0		0.0				0.0049938655360828	2.045207713573186	0.1844901338995709	-0.1844901338995709	middle	0.0068709338808792	-2.054335060692764e-05	middle
null_model		HCC38	MTDH	0.0	0.0	0.0	signaling / oncogene	0.0	0.0	ER stress / UPR	0.0		0.0				0.0056310162158605	2.564566136296016	-0.0521834016027112	0.0521834016027112	middle	0.0342163047187118	-2.904081276937972e-05	middle
null_model		HCC38	MYBL1	0.0	0.0	0.0	transcription regulation	0.0	0.0	ER stress / UPR	0.0		0.0				0.0071407239504648	3.414490893578291	0.0709136850199211	-0.0709136850199211	shift_excess	0.0145675964421822	0.0018164771977387	middle
null_model		HCC38	NCOA1	0.0	0.0	0.0	nuclear receptor / co-activator	0.0	0.0	ER stress / UPR	0.0		0.0				0.0043489041564256	1.803675839063153	-0.0933676037953646	0.0933676037953646	middle	0.0459486880054965	-0.0014235038520742	middle
null_model		HCC38	NPM1	0.0	0.0	0.0	ribosome biogenesis / nucleolar	0.0	0.0	ER stress / UPR	0.0		0.0				0.0113723052385142	5.049583398617561	-0.9484209992220038	0.9484209992220038	Q1_anchor	0.8555302996262993	0.0032673016787406	high_shift_low_depmap
null_model		HCC38	PA2G4	0.0	0.0	0.0	growth / proliferation	0.0	0.0	ER stress / UPR	0.0		0.0				0.0071702138866234	3.347055500027386	-0.4663635980262615	0.4663635980262615	Q1_anchor	0.3764696904296344	0.0003802684922252	middle
null_model		HCC38	PARK7	0.0	0.0	0.0	oxidative stress / mitochondrial	0.0	0.0	ER stress / UPR	0.0		0.0				0.0050560733285705	2.227876740019074	0.0134496621963463	-0.0134496621963463	middle	0.0215311147572859	-0.0004249359429801	middle
null_model		HCC38	PCBD1	0.0	0.0	0.0	metabolism / transcription	0.0	0.0	ER stress / UPR	0.0		0.0				0.0041690086810655	1.7392892243046572	0.016465541489049	-0.016465541489049	low_information	0.0210892465180688	-0.0013037732368964	middle
null_model		HCC38	PEX14	0.0	0.0	0.0	peroxisome / metabolism	0.0	0.0	ER stress / UPR	0.0		0.0				0.004391741095693	1.8521323648982424	0.232031509113923	-0.232031509113923	low_information	0.0049454685061893	-0.0004929743696039	low_shift_high_depmap
null_model		HCC38	PFDN5	0.0	0.0	0.0	proteostasis / chaperone	0.0	0.0	ER stress / UPR	0.0		0.0				0.0091179791241103	3.763957430728924	-0.8870801927678431	0.8870801927678431	Q1_anchor	0.8201974002162512	0.0011803139937399	high_shift_low_depmap
null_model		HCC38	PMF1	0.0	0.0	0.0	transcription regulation	0.0	0.0	ER stress / UPR	0.0		0.0				0.0092008578860405	3.907662671107953	-1.5920218294593655	1.5920218294593655	Q1_anchor	0.9978434877605236	-0.0006598961817566	high_shift_low_depmap
null_model		HCC38	PRDX2	0.0	0.0	0.0	oxidative stress / antioxidant	0.0	0.0	ER stress / UPR	0.0		0.0				0.0048643958897732	2.130357874677587	-0.278397829186231	0.278397829186231	middle	0.1572365253337959	-0.0014127767134366	middle
null_model		HCC38	PRPF6	0.0	0.0	0.0	RNA processing / spliceosome	0.0	0.0	ER stress / UPR	0.0		0.0				0.0144798741040019	5.908263551904799	-1.5741714599009082	1.5741714599009082	Q1_anchor	0.9972796156547944	0.0046678160507967	high_shift_low_depmap
null_model		HCC38	RORC	0.0	0.0	0.0	nuclear receptor / metabolism	0.0	0.0	ER stress / UPR	0.0		0.0				0.0047603589109585	1.944086166826961	-0.377798049598536	0.377798049598536	dependency_excess	0.263229534078098	-0.001787978643083	middle
null_model		HCC38	RPS3	0.0	0.0	0.0	ribosomal / translation	0.0	0.0	ER stress / UPR	0.0		0.0				0.0096911866022176	4.1654645837132325	-1.977444057423196	1.977444057423196	Q1_anchor	1.0	-0.0012210037608086	high_shift_low_depmap
null_model		HCC38	RUVBL2	0.0	0.0	0.0	chromatin remodeling	0.0	0.0	ER stress / UPR	0.0		0.0				0.0082501146934477	3.3300033506603586	-1.3247838305863433	1.3247838305863433	Q1_anchor	0.978029448287533	-0.000881611022861	high_shift_low_depmap
null_model		HCC38	SMAD1	0.0	0.0	0.0	TGF-beta / BMP signaling	0.0	0.0	ER stress / UPR	0.0		0.0				0.0045644798021591	1.9253649364438048	0.092940314960579	-0.092940314960579	low_information	0.0125810954880103	-0.0006996780493545	middle
null_model		HCC38	STAT3	0.0	0.0	0.0	JAK-STAT signaling	0.0	0.0	ER stress / UPR	0.0		0.0				0.0049421595924907	2.1690524844948564	0.0005423560077098	-0.0005423560077098	middle	0.0235621693286022	-0.0005740609596133	middle
null_model		HCC38	TAB3	0.0	0.0	0.0	NF-κB / MAPK signaling	0.0	0.0	ER stress / UPR	0.0		0.0				0.005355838101385	2.217455001567444	-0.0196506729762948	0.0196506729762948	middle	0.0271522701939877	-0.0002154692673164	middle
null_model		HCC38	TADA3	0.0	0.0	0.0	transcription / chromatin	0.0	0.0	ER stress / UPR	0.0		0.0				0.0091400872937874	4.428444823703298	-0.0575575471120086	0.0575575471120086	shift_excess	0.035551946395066	0.003465369534057	middle
null_model		HCC38	THAP8	0.0	0.0	0.0	transcription regulation	0.0	0.0	ER stress / UPR	0.0		0.0				0.0050563694115236	2.120590397995916	-0.0175508210223816	0.0175508210223816	middle	0.0267473201978675	-0.0005092095367631	middle
null_model		HCC38	THRA	0.0	0.0	0.0	nuclear receptor / metabolism	0.0	0.0	ER stress / UPR	0.0		0.0				0.0058419151883759	2.5748785168349526	-0.1244560670130739	0.1244560670130739	middle	0.0573416619307745	-1.5302507314757935e-05	middle
null_model		HCC38	TMF1	0.0	0.0	0.0	transcription regulation	0.0	0.0	ER stress / UPR	0.0		0.0				0.00630257681098	2.6709537577516334	-0.1739325679207107	0.1739325679207107	middle	0.0809743969956026	0.0003103866486258	middle
null_model		HCC38	TMSB4X	0.0	0.0	0.0	cytoskeleton / cell motility	0.0	0.0	ER stress / UPR	0.0		0.0				0.0045126915949235	1.993718373946049	-0.3380993515689319	0.3380993515689319	dependency_excess	0.2174493812731642	-0.0019273474517844	middle
null_model		HCC38	UBP1	0.0	0.0	0.0	transcription regulation	0.0	0.0	ER stress / UPR	0.0		0.0				0.004398069047543	1.8193468573847944	0.0228586479772922	-0.0228586479772922	low_information	0.0201784564207119	-0.0010572724019838	middle
null_model		HCC38	VEZF1	0.0	0.0	0.0	transcription regulation	0.0	0.0	ER stress / UPR	0.0		0.0				0.0073740581188237	3.330757494619107	-0.151644262020672	0.151644262020672	shift_excess	0.0694464693745538	0.0014426707127253	middle
null_model		HCC38	XBP1	0.0	0.0	0.0	ER stress / UPR	0.0	0.0	ER stress / UPR	0.0		0.0				0.0040282961697656	1.6387798034173342	0.1080243659617565	-0.1080243659617565	low_information	0.0113924113087519	-0.0011947122161723	low_shift_high_depmap
null_model		HCC38	YBX1	0.0	0.0	0.0	RNA processing / transcription	0.0	0.0	ER stress / UPR	0.0		0.0				0.0076494599161971	3.716232319681118	-2.475443696624305	2.475443696624305	Q1_anchor	1.0	-0.0046212792218524	middle
null_model		HCC38	ZBTB17	0.0	0.0	0.0	transcription regulation	0.0	0.0	ER stress / UPR	0.0		0.0				0.0079465191255336	3.493035111075968	-0.3779576510823618	0.3779576510823618	Q1_anchor	0.2634223656448051	0.0013977461767984	high_shift_low_depmap
null_model		HCC38	ZBTB20	0.0	0.0	0.0	transcription regulation	0.0	0.0	ER stress / UPR	0.0		0.0				0.0048062658192207	2.1590019433283736	0.3536029010287363	-0.3536029010287363	low_information	0.0018330352467763	0.0002531985170202	middle
null_model		HCC38	ZBTB5	0.0	0.0	0.0	transcription regulation	0.0	0.0	ER stress / UPR	0.0		0.0				0.0046384099549855	1.897499312170974	0.0729011804312269	-0.0729011804312269	low_information	0.0143722132742512	-0.0006804148872734	middle
null_model		HCC38	ZNF131	0.0	0.0	0.0	transcription regulation	0.0	0.0	ER stress / UPR	0.0		0.0				0.0098454685363047	4.415636227925105	-0.6933601874242165	0.6933601874242165	Q1_anchor	0.6622862073859538	0.0024362738208512	high_shift_low_depmap
null_model		HCC38	ZNF24	0.0	0.0	0.0	transcription regulation	0.0	0.0	ER stress / UPR	0.0		0.0				0.0039710221358838	1.6212123105803893	-0.0751354213507236	0.0751354213507236	middle	0.0403071652767106	-0.0017516482680549	middle
null_model		HCC38	ZNF566	0.0	0.0	0.0	transcription regulation	0.0	0.0	ER stress / UPR	0.0		0.0				0.0045411647163488	1.9239272325468384	-0.1834100057572494	0.1834100057572494	middle	0.0863639716532793	-0.0014768800060284	middle
shared_mean_baseline	baseline	HCC38	ARID1A	0.0198754027226199	0.2390592344265882	0.0545976882721122	chromatin remodeling	0.0401545703562317	0.6533574556390201	ribosomal / translation	0.188118980522984	0.8240235951561674	0.0315133409138557	0.2879265842906669	0.2879265842906669	0.0482329246293422	0.0085365617536346	4.5521106820450274	-0.1959555409927433	0.1959555409927433	shift_excess	0.0939245801107399	0.0024842926660479	middle
shared_mean_baseline	baseline	HCC38	BMPR1A	0.0198754027226199	0.2390592344265882	0.0545976882721122	TGF-beta / BMP signaling	0.0189854892191608	0.6533574556390201	ribosomal / translation	0.188118980522984	0.8240235951561674	0.0315133409138557	0.2879265842906669	0.2879265842906669	0.0482329246293422	0.0056197913890013	2.4112086854129164	-0.3519701364399601	0.3519701364399601	dependency_excess	0.2329854350238944	-0.0008580873192481	middle
shared_mean_baseline	baseline	HCC38	CDKN2A	0.0198754027226199	0.2390592344265882	0.0545976882721122	cell cycle / replication	0.0	0.6533574556390201	ribosomal / translation	0.188118980522984	0.8240235951561674	0.0315133409138557	0.2879265842906669	0.2879265842906669	0.0482329246293422	0.0040551040534158	1.6153802596872924	0.2816188048418129	-0.2816188048418129	low_information	0.0034117871973033	-0.0006943366956666	low_shift_high_depmap
shared_mean_baseline	baseline	HCC38	COMMD6	0.0198754027226199	0.2390592344265882	0.0545976882721122	NF-κB / copper signaling	0.0048315480476265	0.6533574556390201	ribosomal / translation	0.188118980522984	0.8240235951561674	0.0315133409138557	0.2879265842906669	0.2879265842906669	0.0482329246293422	0.0042202270388882	1.715292039582324	0.1473822164133259	-0.1473822164133259	low_information	0.0087958879569685	-0.0008954126758508	low_shift_high_depmap
shared_mean_baseline	baseline	HCC38	ENY2	0.0198754027226199	0.2390592344265882	0.0545976882721122	transcription / chromatin	0.0204510903976564	0.6533574556390201	ribosomal / translation	0.188118980522984	0.8240235951561674	0.0315133409138557	0.2879265842906669	0.2879265842906669	0.0482329246293422	0.0103397858020701	4.544919712264169	-0.5509808712071267	0.5509808712071267	Q1_anchor	0.4895161201697765	0.0033190035078499	high_shift_low_depmap
shared_mean_baseline	baseline	HCC38	ERC1	0.0198754027226199	0.2390592344265882	0.0545976882721122	synaptic / signaling	0.0059125577883128	0.6533574556390201	ribosomal / translation	0.188118980522984	0.8240235951561674	0.0315133409138557	0.2879265842906669	0.2879265842906669	0.0482329246293422	0.00417172244801	1.7068626495623005	0.2188525570329813	-0.2188525570329813	low_information	0.0054295617631019	-0.000748945350976	low_shift_high_depmap
shared_mean_baseline	baseline	HCC38	ETV3	0.0198754027226199	0.2390592344265882	0.0545976882721122	transcription regulation	0.0117881710146868	0.6533574556390201	ribosomal / translation	0.188118980522984	0.8240235951561674	0.0315133409138557	0.2879265842906669	0.2879265842906669	0.0482329246293422	0.0051298888376656	2.131250251028423	-0.1735948251121793	0.1735948251121793	middle	0.0807914252803547	-0.0008613799584009	middle
shared_mean_baseline	baseline	HCC38	GON4L	0.0198754027226199	0.2390592344265882	0.0545976882721122	transcription regulation	0.0117881710146868	0.6533574556390201	ribosomal / translation	0.188118980522984	0.8240235951561674	0.0315133409138557	0.2879265842906669	0.2879265842906669	0.0482329246293422	0.0060144581054616	2.438389539750892	-0.4178073081616394	0.4178073081616394	dependency_excess	0.3129469325001975	-0.0006430251686404	middle
shared_mean_baseline	baseline	HCC38	HDGF	0.0198754027226199	0.2390592344265882	0.0545976882721122	growth factor / proliferation	0.0329777206172285	0.6533574556390201	ribosomal / translation	0.188118980522984	0.8240235951561674	0.0315133409138557	0.2879265842906669	0.2879265842906669	0.0482329246293422	0.0053940020400889	2.310398267970584	-0.0275129839181656	0.0275129839181656	middle	0.0286996254177853	-0.0001987538037882	middle
shared_mean_baseline	baseline	HCC38	HLX	0.0198754027226199	0.2390592344265882	0.0545976882721122	transcription regulation	0.0117881710146868	0.6533574556390201	ribosomal / translation	0.188118980522984	0.8240235951561674	0.0315133409138557	0.2879265842906669	0.2879265842906669	0.0482329246293422	0.0052991294769277	2.2837459862813443	0.1969791502719058	-0.1969791502719058	middle	0.006315463793662	0.000318790771335	middle
shared_mean_baseline	baseline	HCC38	KLF3	0.0198754027226199	0.2390592344265882	0.0545976882721122	transcription regulation	0.0117881710146868	0.6533574556390201	ribosomal / translation	0.188118980522984	0.8240235951561674	0.0315133409138557	0.2879265842906669	0.2879265842906669	0.0482329246293422	0.0054676604656395	2.319837106922052	-0.2832468490799181	0.2832468490799181	dependency_excess	0.1616884807733207	-0.0008227403199183	middle
shared_mean_baseline	baseline	HCC38	LAMTOR5	0.0198754027226199	0.2390592344265882	0.0545976882721122	mTOR / lysosome / signaling	0.030208152067647	0.6533574556390201	ribosomal / translation	0.188118980522984	0.8240235951561674	0.0315133409138557	0.2879265842906669	0.2879265842906669	0.0482329246293422	0.0106435490794122	5.5264970297394775	-0.1880265849724247	0.1880265849724247	shift_excess	0.0890975409858624	0.004612910275546	middle
shared_mean_baseline	baseline	HCC38	MAML3	0.0198754027226199	0.2390592344265882	0.0545976882721122	transcription regulation	0.0117881710146868	0.6533574556390201	ribosomal / translation	0.188118980522984	0.8240235951561674	0.0315133409138557	0.2879265842906669	0.2879265842906669	0.0482329246293422	0.0039010408237359	1.5384476186420233	0.1348356419568611	-0.1348356419568611	low_information	0.009549016733777	-0.0012488260912194	low_shift_high_depmap
shared_mean_baseline	baseline	HCC38	MIER1	0.0198754027226199	0.2390592344265882	0.0545976882721122	transcription regulation	0.0117881710146868	0.6533574556390201	ribosomal / translation	0.188118980522984	0.8240235951561674	0.0315133409138557	0.2879265842906669	0.2879265842906669	0.0482329246293422	0.0049938655360828	2.045207713573186	0.1844901338995709	-0.1844901338995709	middle	0.0068709338808792	-2.054335060692764e-05	middle
shared_mean_baseline	baseline	HCC38	MTDH	0.0198754027226199	0.2390592344265882	0.0545976882721122	signaling / oncogene	0.0505176075808181	0.6533574556390201	ribosomal / translation	0.188118980522984	0.8240235951561674	0.0315133409138557	0.2879265842906669	0.2879265842906669	0.0482329246293422	0.0056310162158605	2.564566136296016	-0.0521834016027112	0.0521834016027112	middle	0.0342163047187118	-2.904081276937972e-05	middle
shared_mean_baseline	baseline	HCC38	MYBL1	0.0198754027226199	0.2390592344265882	0.0545976882721122	transcription regulation	0.0117881710146868	0.6533574556390201	ribosomal / translation	0.188118980522984	0.8240235951561674	0.0315133409138557	0.2879265842906669	0.2879265842906669	0.0482329246293422	0.0071407239504648	3.414490893578291	0.0709136850199211	-0.0709136850199211	shift_excess	0.0145675964421822	0.0018164771977387	middle
shared_mean_baseline	baseline	HCC38	NCOA1	0.0198754027226199	0.2390592344265882	0.0545976882721122	nuclear receptor / co-activator	0.0156656607566335	0.6533574556390201	ribosomal / translation	0.188118980522984	0.8240235951561674	0.0315133409138557	0.2879265842906669	0.2879265842906669	0.0482329246293422	0.0043489041564256	1.803675839063153	-0.0933676037953646	0.0933676037953646	middle	0.0459486880054965	-0.0014235038520742	middle
shared_mean_baseline	baseline	HCC38	NPM1	0.0198754027226199	0.2390592344265882	0.0545976882721122	ribosome biogenesis / nucleolar	0.0341503910112806	0.6533574556390201	ribosomal / translation	0.188118980522984	0.8240235951561674	0.0315133409138557	0.2879265842906669	0.2879265842906669	0.0482329246293422	0.0113723052385142	5.049583398617561	-0.9484209992220038	0.9484209992220038	Q1_anchor	0.8555302996262993	0.0032673016787406	high_shift_low_depmap
shared_mean_baseline	baseline	HCC38	PA2G4	0.0198754027226199	0.2390592344265882	0.0545976882721122	growth / proliferation	0.0195204062241308	0.6533574556390201	ribosomal / translation	0.188118980522984	0.8240235951561674	0.0315133409138557	0.2879265842906669	0.2879265842906669	0.0482329246293422	0.0071702138866234	3.347055500027386	-0.4663635980262615	0.4663635980262615	Q1_anchor	0.3764696904296344	0.0003802684922252	middle
shared_mean_baseline	baseline	HCC38	PARK7	0.0198754027226199	0.2390592344265882	0.0545976882721122	oxidative stress / mitochondrial	0.0032747243787792	0.6533574556390201	ribosomal / translation	0.188118980522984	0.8240235951561674	0.0315133409138557	0.2879265842906669	0.2879265842906669	0.0482329246293422	0.0050560733285705	2.227876740019074	0.0134496621963463	-0.0134496621963463	middle	0.0215311147572859	-0.0004249359429801	middle
shared_mean_baseline	baseline	HCC38	PCBD1	0.0198754027226199	0.2390592344265882	0.0545976882721122	metabolism / transcription	0.0038045401418678	0.6533574556390201	ribosomal / translation	0.188118980522984	0.8240235951561674	0.0315133409138557	0.2879265842906669	0.2879265842906669	0.0482329246293422	0.0041690086810655	1.7392892243046572	0.016465541489049	-0.016465541489049	low_information	0.0210892465180688	-0.0013037732368964	middle
shared_mean_baseline	baseline	HCC38	PEX14	0.0198754027226199	0.2390592344265882	0.0545976882721122	peroxisome / metabolism	0.0204485817940917	0.6533574556390201	ribosomal / translation	0.188118980522984	0.8240235951561674	0.0315133409138557	0.2879265842906669	0.2879265842906669	0.0482329246293422	0.004391741095693	1.8521323648982424	0.232031509113923	-0.232031509113923	low_information	0.0049454685061893	-0.0004929743696039	low_shift_high_depmap
shared_mean_baseline	baseline	HCC38	PFDN5	0.0198754027226199	0.2390592344265882	0.0545976882721122	proteostasis / chaperone	0.0486800185231999	0.6533574556390201	ribosomal / translation	0.188118980522984	0.8240235951561674	0.0315133409138557	0.2879265842906669	0.2879265842906669	0.0482329246293422	0.0091179791241103	3.763957430728924	-0.8870801927678431	0.8870801927678431	Q1_anchor	0.8201974002162512	0.0011803139937399	high_shift_low_depmap
shared_mean_baseline	baseline	HCC38	PMF1	0.0198754027226199	0.2390592344265882	0.0545976882721122	transcription regulation	0.0117881710146868	0.6533574556390201	ribosomal / translation	0.188118980522984	0.8240235951561674	0.0315133409138557	0.2879265842906669	0.2879265842906669	0.0482329246293422	0.0092008578860405	3.907662671107953	-1.5920218294593655	1.5920218294593655	Q1_anchor	0.9978434877605236	-0.0006598961817566	high_shift_low_depmap
shared_mean_baseline	baseline	HCC38	PRDX2	0.0198754027226199	0.2390592344265882	0.0545976882721122	oxidative stress / antioxidant	0.0223096184746569	0.6533574556390201	ribosomal / translation	0.188118980522984	0.8240235951561674	0.0315133409138557	0.2879265842906669	0.2879265842906669	0.0482329246293422	0.0048643958897732	2.130357874677587	-0.278397829186231	0.278397829186231	middle	0.1572365253337959	-0.0014127767134366	middle
shared_mean_baseline	baseline	HCC38	PRPF6	0.0198754027226199	0.2390592344265882	0.0545976882721122	RNA processing / spliceosome	0.0234591048545911	0.6533574556390201	ribosomal / translation	0.188118980522984	0.8240235951561674	0.0315133409138557	0.2879265842906669	0.2879265842906669	0.0482329246293422	0.0144798741040019	5.908263551904799	-1.5741714599009082	1.5741714599009082	Q1_anchor	0.9972796156547944	0.0046678160507967	high_shift_low_depmap
shared_mean_baseline	baseline	HCC38	RORC	0.0198754027226199	0.2390592344265882	0.0545976882721122	nuclear receptor / metabolism	0.0007964151013904	0.6533574556390201	ribosomal / translation	0.188118980522984	0.8240235951561674	0.0315133409138557	0.2879265842906669	0.2879265842906669	0.0482329246293422	0.0047603589109585	1.944086166826961	-0.377798049598536	0.377798049598536	dependency_excess	0.263229534078098	-0.001787978643083	middle
shared_mean_baseline	baseline	HCC38	RPS3	0.0198754027226199	0.2390592344265882	0.0545976882721122	ribosomal / translation	0.188118980522984	0.6533574556390201	ribosomal / translation	0.188118980522984	0.8240235951561674	0.0315133409138557	0.2879265842906669	0.2879265842906669	0.0482329246293422	0.0096911866022176	4.1654645837132325	-1.977444057423196	1.977444057423196	Q1_anchor	1.0	-0.0012210037608086	high_shift_low_depmap
shared_mean_baseline	baseline	HCC38	RUVBL2	0.0198754027226199	0.2390592344265882	0.0545976882721122	chromatin remodeling	0.0401545703562317	0.6533574556390201	ribosomal / translation	0.188118980522984	0.8240235951561674	0.0315133409138557	0.2879265842906669	0.2879265842906669	0.0482329246293422	0.0082501146934477	3.3300033506603586	-1.3247838305863433	1.3247838305863433	Q1_anchor	0.978029448287533	-0.000881611022861	high_shift_low_depmap
shared_mean_baseline	baseline	HCC38	SMAD1	0.0198754027226199	0.2390592344265882	0.0545976882721122	TGF-beta / BMP signaling	0.0189854892191608	0.6533574556390201	ribosomal / translation	0.188118980522984	0.8240235951561674	0.0315133409138557	0.2879265842906669	0.2879265842906669	0.0482329246293422	0.0045644798021591	1.9253649364438048	0.092940314960579	-0.092940314960579	low_information	0.0125810954880103	-0.0006996780493545	middle
shared_mean_baseline	baseline	HCC38	STAT3	0.0198754027226199	0.2390592344265882	0.0545976882721122	JAK-STAT signaling	0.0183937325762052	0.6533574556390201	ribosomal / translation	0.188118980522984	0.8240235951561674	0.0315133409138557	0.2879265842906669	0.2879265842906669	0.0482329246293422	0.0049421595924907	2.1690524844948564	0.0005423560077098	-0.0005423560077098	middle	0.0235621693286022	-0.0005740609596133	middle
shared_mean_baseline	baseline	HCC38	TAB3	0.0198754027226199	0.2390592344265882	0.0545976882721122	NF-κB / MAPK signaling	0.0055086523145001	0.6533574556390201	ribosomal / translation	0.188118980522984	0.8240235951561674	0.0315133409138557	0.2879265842906669	0.2879265842906669	0.0482329246293422	0.005355838101385	2.217455001567444	-0.0196506729762948	0.0196506729762948	middle	0.0271522701939877	-0.0002154692673164	middle
shared_mean_baseline	baseline	HCC38	TADA3	0.0198754027226199	0.2390592344265882	0.0545976882721122	transcription / chromatin	0.0204510903976564	0.6533574556390201	ribosomal / translation	0.188118980522984	0.8240235951561674	0.0315133409138557	0.2879265842906669	0.2879265842906669	0.0482329246293422	0.0091400872937874	4.428444823703298	-0.0575575471120086	0.0575575471120086	shift_excess	0.035551946395066	0.003465369534057	middle
shared_mean_baseline	baseline	HCC38	THAP8	0.0198754027226199	0.2390592344265882	0.0545976882721122	transcription regulation	0.0117881710146868	0.6533574556390201	ribosomal / translation	0.188118980522984	0.8240235951561674	0.0315133409138557	0.2879265842906669	0.2879265842906669	0.0482329246293422	0.0050563694115236	2.120590397995916	-0.0175508210223816	0.0175508210223816	middle	0.0267473201978675	-0.0005092095367631	middle
shared_mean_baseline	baseline	HCC38	THRA	0.0198754027226199	0.2390592344265882	0.0545976882721122	nuclear receptor / metabolism	0.0007964151013904	0.6533574556390201	ribosomal / translation	0.188118980522984	0.8240235951561674	0.0315133409138557	0.2879265842906669	0.2879265842906669	0.0482329246293422	0.0058419151883759	2.5748785168349526	-0.1244560670130739	0.1244560670130739	middle	0.0573416619307745	-1.5302507314757935e-05	middle
shared_mean_baseline	baseline	HCC38	TMF1	0.0198754027226199	0.2390592344265882	0.0545976882721122	transcription regulation	0.0117881710146868	0.6533574556390201	ribosomal / translation	0.188118980522984	0.8240235951561674	0.0315133409138557	0.2879265842906669	0.2879265842906669	0.0482329246293422	0.00630257681098	2.6709537577516334	-0.1739325679207107	0.1739325679207107	middle	0.0809743969956026	0.0003103866486258	middle
shared_mean_baseline	baseline	HCC38	TMSB4X	0.0198754027226199	0.2390592344265882	0.0545976882721122	cytoskeleton / cell motility	0.0002983151194605	0.6533574556390201	ribosomal / translation	0.188118980522984	0.8240235951561674	0.0315133409138557	0.2879265842906669	0.2879265842906669	0.0482329246293422	0.0045126915949235	1.993718373946049	-0.3380993515689319	0.3380993515689319	dependency_excess	0.2174493812731642	-0.0019273474517844	middle
shared_mean_baseline	baseline	HCC38	UBP1	0.0198754027226199	0.2390592344265882	0.0545976882721122	transcription regulation	0.0117881710146868	0.6533574556390201	ribosomal / translation	0.188118980522984	0.8240235951561674	0.0315133409138557	0.2879265842906669	0.2879265842906669	0.0482329246293422	0.004398069047543	1.8193468573847944	0.0228586479772922	-0.0228586479772922	low_information	0.0201784564207119	-0.0010572724019838	middle
shared_mean_baseline	baseline	HCC38	VEZF1	0.0198754027226199	0.2390592344265882	0.0545976882721122	transcription regulation	0.0117881710146868	0.6533574556390201	ribosomal / translation	0.188118980522984	0.8240235951561674	0.0315133409138557	0.2879265842906669	0.2879265842906669	0.0482329246293422	0.0073740581188237	3.330757494619107	-0.151644262020672	0.151644262020672	shift_excess	0.0694464693745538	0.0014426707127253	middle
shared_mean_baseline	baseline	HCC38	XBP1	0.0198754027226199	0.2390592344265882	0.0545976882721122	ER stress / UPR	0.0059289980604196	0.6533574556390201	ribosomal / translation	0.188118980522984	0.8240235951561674	0.0315133409138557	0.2879265842906669	0.2879265842906669	0.0482329246293422	0.0040282961697656	1.6387798034173342	0.1080243659617565	-0.1080243659617565	low_information	0.0113924113087519	-0.0011947122161723	low_shift_high_depmap
shared_mean_baseline	baseline	HCC38	YBX1	0.0198754027226199	0.2390592344265882	0.0545976882721122	RNA processing / transcription	0.0271724086954601	0.6533574556390201	ribosomal / translation	0.188118980522984	0.8240235951561674	0.0315133409138557	0.2879265842906669	0.2879265842906669	0.0482329246293422	0.0076494599161971	3.716232319681118	-2.475443696624305	2.475443696624305	Q1_anchor	1.0	-0.0046212792218524	middle
shared_mean_baseline	baseline	HCC38	ZBTB17	0.0198754027226199	0.2390592344265882	0.0545976882721122	transcription regulation	0.0117881710146868	0.6533574556390201	ribosomal / translation	0.188118980522984	0.8240235951561674	0.0315133409138557	0.2879265842906669	0.2879265842906669	0.0482329246293422	0.0079465191255336	3.493035111075968	-0.3779576510823618	0.3779576510823618	Q1_anchor	0.2634223656448051	0.0013977461767984	high_shift_low_depmap
shared_mean_baseline	baseline	HCC38	ZBTB20	0.0198754027226199	0.2390592344265882	0.0545976882721122	transcription regulation	0.0117881710146868	0.6533574556390201	ribosomal / translation	0.188118980522984	0.8240235951561674	0.0315133409138557	0.2879265842906669	0.2879265842906669	0.0482329246293422	0.0048062658192207	2.1590019433283736	0.3536029010287363	-0.3536029010287363	low_information	0.0018330352467763	0.0002531985170202	middle
shared_mean_baseline	baseline	HCC38	ZBTB5	0.0198754027226199	0.2390592344265882	0.0545976882721122	transcription regulation	0.0117881710146868	0.6533574556390201	ribosomal / translation	0.188118980522984	0.8240235951561674	0.0315133409138557	0.2879265842906669	0.2879265842906669	0.0482329246293422	0.0046384099549855	1.897499312170974	0.0729011804312269	-0.0729011804312269	low_information	0.0143722132742512	-0.0006804148872734	middle
shared_mean_baseline	baseline	HCC38	ZNF131	0.0198754027226199	0.2390592344265882	0.0545976882721122	transcription regulation	0.0117881710146868	0.6533574556390201	ribosomal / translation	0.188118980522984	0.8240235951561674	0.0315133409138557	0.2879265842906669	0.2879265842906669	0.0482329246293422	0.0098454685363047	4.415636227925105	-0.6933601874242165	0.6933601874242165	Q1_anchor	0.6622862073859538	0.0024362738208512	high_shift_low_depmap
shared_mean_baseline	baseline	HCC38	ZNF24	0.0198754027226199	0.2390592344265882	0.0545976882721122	transcription regulation	0.0117881710146868	0.6533574556390201	ribosomal / translation	0.188118980522984	0.8240235951561674	0.0315133409138557	0.2879265842906669	0.2879265842906669	0.0482329246293422	0.0039710221358838	1.6212123105803893	-0.0751354213507236	0.0751354213507236	middle	0.0403071652767106	-0.0017516482680549	middle
shared_mean_baseline	baseline	HCC38	ZNF566	0.0198754027226199	0.2390592344265882	0.0545976882721122	transcription regulation	0.0117881710146868	0.6533574556390201	ribosomal / translation	0.188118980522984	0.8240235951561674	0.0315133409138557	0.2879265842906669	0.2879265842906669	0.0482329246293422	0.0045411647163488	1.9239272325468384	-0.1834100057572494	0.1834100057572494	middle	0.0863639716532793	-0.0014768800060284	middle
null_model		HCC1143	ARID1A	0.0	0.0	0.0	chromatin remodeling	0.0	0.0	ER stress / UPR	0.0		0.0				0.0073327186787757	3.4463519189121863	-0.330631842036614	0.330631842036614	Q1_anchor	0.2654515287532237	0.0005303062767008	middle
null_model		HCC1143	BMPR1A	0.0	0.0	0.0	TGF-beta / BMP signaling	0.0	0.0	ER stress / UPR	0.0		0.0				0.0070281282052424	3.162989495400181	-0.3585628390298763	0.3585628390298763	dependency_excess	0.307130270365165	0.0001129969346457	middle
null_model		HCC1143	CDKN2A	0.0	0.0	0.0	cell cycle / replication	0.0	0.0	ER stress / UPR	0.0		0.0				0.0050523230156554	2.084157760547977	0.5380502468314596	-0.5380502468314596	middle	6.198489826465077e-05	0.0017555807543913	middle
null_model		HCC1143	COMMD6	0.0	0.0	0.0	NF-κB / copper signaling	0.0	0.0	ER stress / UPR	0.0		0.0				0.0045342930040741	1.9629627640817848	-0.2218216265227303	0.2218216265227303	middle	0.1351756293730245	-0.0018290028000756	middle
null_model		HCC1143	ENY2	0.0	0.0	0.0	transcription / chromatin	0.0	0.0	ER stress / UPR	0.0		0.0				0.0105137437444661	4.81257682403588	-0.2358088308059663	0.2358088308059663	Q1_anchor	0.148881151602389	0.0040940009097656	middle
null_model		HCC1143	ERC1	0.0	0.0	0.0	synaptic / signaling	0.0	0.0	ER stress / UPR	0.0		0.0				0.0048784834929897	2.171773525634778	-0.0379118967638982	0.0379118967638982	middle	0.0303840215886299	-0.0007426226695384	middle
null_model		HCC1143	ETV3	0.0	0.0	0.0	transcription regulation	0.0	0.0	ER stress / UPR	0.0		0.0				0.0053871026377591	2.391418251940516	-0.2314760637952857	0.2314760637952857	middle	0.1444988533493548	-0.0010151547990828	middle
null_model		HCC1143	GON4L	0.0	0.0	0.0	transcription regulation	0.0	0.0	ER stress / UPR	0.0		0.0				0.0076879048971422	3.3323369388260327	-0.2362581803183601	0.2362581803183601	Q1_anchor	0.1493363288328347	0.0012663486589094	middle
null_model		HCC1143	HDGF	0.0	0.0	0.0	growth factor / proliferation	0.0	0.0	ER stress / UPR	0.0		0.0				0.0039901671750222	1.703063739115492	0.0093193516536966	-0.0093193516536966	low_information	0.0196252078195258	-0.0014403316532318	middle
null_model		HCC1143	HLX	0.0	0.0	0.0	transcription regulation	0.0	0.0	ER stress / UPR	0.0		0.0				0.0050212083343797	2.1525423051369463	-0.0105503675972533	0.0105503675972533	middle	0.0236239287972883	-0.0004894771149374	middle
null_model		HCC1143	KLF3	0.0	0.0	0.0	transcription regulation	0.0	0.0	ER stress / UPR	0.0		0.0				0.0053919861225157	2.4761644999238697	-0.0596711039921486	0.0596711039921486	middle	0.0369385703770605	-0.0003169319150876	middle
null_model		HCC1143	LAMTOR5	0.0	0.0	0.0	mTOR / lysosome / signaling	0.0	0.0	ER stress / UPR	0.0		0.0				0.0093777769035242	4.656042860446887	-0.2080048465520216	0.2080048465520216	shift_excess	0.1226400958971878	0.0030702403622925	middle
null_model		HCC1143	MAML3	0.0	0.0	0.0	transcription regulation	0.0	0.0	ER stress / UPR	0.0		0.0				0.0042930848646172	1.7996119267653603	0.1521238451421929	-0.1521238451421929	low_information	0.0050198572939971	-0.0005611094038771	low_shift_high_depmap
null_model		HCC1143	MIER1	0.0	0.0	0.0	transcription regulation	0.0	0.0	ER stress / UPR	0.0		0.0				0.0057833931966825	2.6261656244995977	0.0742152031018489	-0.0742152031018489	middle	0.0105919574277721	0.0006147893143467	middle
null_model		HCC1143	MTDH	0.0	0.0	0.0	signaling / oncogene	0.0	0.0	ER stress / UPR	0.0		0.0				0.0047338690320834	2.296174525630673	0.0581370024256225	-0.0581370024256225	low_information	0.0123435627679496	-0.0004996203460521	middle
null_model		HCC1143	MYBL1	0.0	0.0	0.0	transcription regulation	0.0	0.0	ER stress / UPR	0.0		0.0				0.0084130142568229	4.1759196436307295	0.0019970126997557	-0.0019970126997557	shift_excess	0.0210310036855235	0.0029529652566927	middle
null_model		HCC1143	NCOA1	0.0	0.0	0.0	nuclear receptor / co-activator	0.0	0.0	ER stress / UPR	0.0		0.0				0.0039071575713196	1.6312942916912654	-0.0161660097106361	0.0161660097106361	middle	0.0248991192692647	-0.0016261904712875	middle
null_model		HCC1143	NPM1	0.0	0.0	0.0	ribosome biogenesis / nucleolar	0.0	0.0	ER stress / UPR	0.0		0.0				0.0074812035133293	3.688200648316474	-0.2486990570176843	0.2486990570176843	Q1_anchor	0.1622748801750765	0.0010094406338762	middle
null_model		HCC1143	PA2G4	0.0	0.0	0.0	growth / proliferation	0.0	0.0	ER stress / UPR	0.0		0.0				0.0059315461556859	2.723108581584277	-0.1608978437052549	0.1608978437052549	middle	0.0861889371200693	-0.0001858844590862	middle
null_model		HCC1143	PARK7	0.0	0.0	0.0	oxidative stress / mitochondrial	0.0	0.0	ER stress / UPR	0.0		0.0				0.0061480042391653	2.928387425848147	-0.2182235899354996	0.2182235899354996	middle	0.1318604273725387	-0.0002007712593501	middle
null_model		HCC1143	PCBD1	0.0	0.0	0.0	metabolism / transcription	0.0	0.0	ER stress / UPR	0.0		0.0				0.004675198066501	1.9660380677668263	0.0683543828600407	-0.0683543828600407	low_information	0.0111916491629234	-0.0005170578546941	middle
null_model		HCC1143	PEX14	0.0	0.0	0.0	peroxisome / metabolism	0.0	0.0	ER stress / UPR	0.0		0.0				0.0044493142820248	1.9268910846893088	-0.0066559675281558	0.0066559675281558	middle	0.0227993432195642	-0.0010456548514921	middle
null_model		HCC1143	PFDN5	0.0	0.0	0.0	proteostasis / chaperone	0.0	0.0	ER stress / UPR	0.0		0.0				0.0102329499993855	4.766008110486418	-1.230578156287104	1.230578156287104	Q1_anchor	0.9694975960688984	-0.0002013030526004	high_shift_low_depmap
null_model		HCC1143	PMF1	0.0	0.0	0.0	transcription regulation	0.0	0.0	ER stress / UPR	0.0		0.0				0.0127756932567781	5.460196344335996	-1.119192133800067	1.119192133800067	Q1_anchor	0.9510487581740272	0.0027909517788656	high_shift_low_depmap
null_model		HCC1143	PRDX2	0.0	0.0	0.0	oxidative stress / antioxidant	0.0	0.0	ER stress / UPR	0.0		0.0				0.0055213995831513	2.4223981708602773	-0.252200600989717	0.252200600989717	dependency_excess	0.1660158727868937	-0.0009644941944828	middle
null_model		HCC1143	PRPF6	0.0	0.0	0.0	RNA processing / spliceosome	0.0	0.0	ER stress / UPR	0.0		0.0				0.0154111896961658	6.723676671381678	-1.862027728723321	1.862027728723321	Q1_anchor	1.0	0.0024286466081761	high_shift_low_depmap
null_model		HCC1143	RORC	0.0	0.0	0.0	nuclear receptor / metabolism	0.0	0.0	ER stress / UPR	0.0		0.0				0.0045634026869297	1.921562432852684	-0.0824404967576715	0.0824404967576715	middle	0.0451125018855452	-0.0012374039499269	middle
null_model		HCC1143	RPS3	0.0	0.0	0.0	ribosomal / translation	0.0	0.0	ER stress / UPR	0.0		0.0				0.007860948328555	3.49877472663025	-1.8308395717061807	1.8308395717061807	Q1_anchor	1.0	-0.004995731233292	high_shift_low_depmap
null_model		HCC1143	RUVBL2	0.0	0.0	0.0	chromatin remodeling	0.0	0.0	ER stress / UPR	0.0		0.0				0.0119327730703482	5.345672749772987	-3.079405316707214	3.079405316707214	Q1_anchor	1.0	-0.0059626424193833	high_shift_low_depmap
null_model		HCC1143	SMAD1	0.0	0.0	0.0	TGF-beta / BMP signaling	0.0	0.0	ER stress / UPR	0.0		0.0				0.0045476060135123	1.9146500705205347	-0.0350665523770763	0.0350665523770763	middle	0.0296077539081418	-0.0010620174224982	middle
null_model		HCC1143	STAT3	0.0	0.0	0.0	JAK-STAT signaling	0.0	0.0	ER stress / UPR	0.0		0.0				0.0045791788860737	2.0256258230145	0.1832408329754175	-0.1832408329754175	low_information	0.0037329167002494	-0.000149439068005	low_shift_high_depmap
null_model		HCC1143	TAB3	0.0	0.0	0.0	NF-κB / MAPK signaling	0.0	0.0	ER stress / UPR	0.0		0.0				0.0060275444241772	2.656227587222326	0.0976441247104035	-0.0976441247104035	middle	0.0084525379475361	0.000953490748375	middle
null_model		HCC1143	TADA3	0.0	0.0	0.0	transcription / chromatin	0.0	0.0	ER stress / UPR	0.0		0.0				0.0103750807743799	5.1135832829938925	-0.3196085427253	0.3196085427253	Q1_anchor	0.2498577956515995	0.0036171542109612	high_shift_low_depmap
null_model		HCC1143	THAP8	0.0	0.0	0.0	transcription regulation	0.0	0.0	ER stress / UPR	0.0		0.0				0.0050716034302432	2.4487280363408086	0.0324986749282021	-0.0324986749282021	middle	0.0157775614105068	-0.0002653524753134	middle
null_model		HCC1143	THRA	0.0	0.0	0.0	nuclear receptor / metabolism	0.0	0.0	ER stress / UPR	0.0		0.0				0.0053431820384494	2.3724404917219064	-0.0854627248517602	0.0854627248517602	middle	0.0463338341696651	-0.000469821160215	middle
null_model		HCC1143	TMF1	0.0	0.0	0.0	transcription regulation	0.0	0.0	ER stress / UPR	0.0		0.0				0.0058951763799742	2.502337580432542	-0.2262288778701592	0.2262288778701592	middle	0.1394316818255967	-0.0004859054124556	middle
null_model		HCC1143	TMSB4X	0.0	0.0	0.0	cytoskeleton / cell motility	0.0	0.0	ER stress / UPR	0.0		0.0				0.0039703565382887	1.8624986123191989	0.091112482425534	-0.091112482425534	low_information	0.0090048231316929	-0.0011300563587083	low_shift_high_depmap
null_model		HCC1143	UBP1	0.0	0.0	0.0	transcription regulation	0.0	0.0	ER stress / UPR	0.0		0.0				0.0046551429363536	1.9683247358074805	0.0714133084074786	-0.0714133084074786	low_information	0.0108785135935251	-0.0005247683260854	middle
null_model		HCC1143	VEZF1	0.0	0.0	0.0	transcription regulation	0.0	0.0	ER stress / UPR	0.0		0.0				0.0060274132373266	2.8398473940734115	-0.0273314385525012	0.0273314385525012	middle	0.0275909199432945	0.0004490057753968	middle
null_model		HCC1143	XBP1	0.0	0.0	0.0	ER stress / UPR	0.0	0.0	ER stress / UPR	0.0		0.0				0.0045885756847594	2.055446583049452	0.097035867478511	-0.097035867478511	low_information	0.0085039693399301	-0.0004879326856233	middle
null_model		HCC1143	YBX1	0.0	0.0	0.0	RNA processing / transcription	0.0	0.0	ER stress / UPR	0.0		0.0				0.0077493948528648	3.8245990837962864	-1.377081609330736	1.377081609330736	Q1_anchor	0.9913468022551738	-0.0032760903511849	middle
null_model		HCC1143	ZBTB17	0.0	0.0	0.0	transcription regulation	0.0	0.0	ER stress / UPR	0.0		0.0				0.010587215682323	4.928221899857864	-0.636991913780868	0.636991913780868	Q1_anchor	0.7578619386258375	0.0025484506840411	high_shift_low_depmap
null_model		HCC1143	ZBTB20	0.0	0.0	0.0	transcription regulation	0.0	0.0	ER stress / UPR	0.0		0.0				0.0043814448697306	1.889601177535932	0.1050163545153338	-0.1050163545153338	low_information	0.0078803596044426	-0.0006628572937179	low_shift_high_depmap
null_model		HCC1143	ZBTB5	0.0	0.0	0.0	transcription regulation	0.0	0.0	ER stress / UPR	0.0		0.0				0.0053368219337521	2.288843476575004	-0.1471075087045335	0.1471075087045335	middle	0.0773557703888747	-0.0007249561399313	middle
null_model		HCC1143	ZNF131	0.0	0.0	0.0	transcription regulation	0.0	0.0	ER stress / UPR	0.0		0.0				0.0105522037854389	4.608186179220708	-1.08124407956173	1.08124407956173	Q1_anchor	0.9463812533969612	0.0007206062048738	high_shift_low_depmap
null_model		HCC1143	ZNF24	0.0	0.0	0.0	transcription regulation	0.0	0.0	ER stress / UPR	0.0		0.0				0.0043616307953344	1.8788468529612183	0.0882223029314296	-0.0882223029314296	low_information	0.0092505619875028	-0.0007504457656013	low_shift_high_depmap
null_model		HCC1143	ZNF566	0.0	0.0	0.0	transcription regulation	0.0	0.0	ER stress / UPR	0.0		0.0				0.0044548810181222	2.020865157655443	0.1001260553605671	-0.1001260553605671	low_information	0.0082561267211935	-0.0006091565306257	low_shift_high_depmap
shared_mean_baseline	baseline	HCC1143	ARID1A	0.027590860836732	0.312571273566283	0.0768253909001521	chromatin remodeling	0.0493588875831131	0.9560052115640716	ribosomal / translation	0.2202206645521839	0.8672007922132425	0.1482717765531062	0.2303550879099205	0.2303550879099205	0.1550951550886697	0.0073327186787757	3.4463519189121863	-0.330631842036614	0.330631842036614	Q1_anchor	0.2654515287532237	0.0005303062767008	middle
shared_mean_baseline	baseline	HCC1143	BMPR1A	0.027590860836732	0.312571273566283	0.0768253909001521	TGF-beta / BMP signaling	0.0079705197488006	0.9560052115640716	ribosomal / translation	0.2202206645521839	0.8672007922132425	0.1482717765531062	0.2303550879099205	0.2303550879099205	0.1550951550886697	0.0070281282052424	3.162989495400181	-0.3585628390298763	0.3585628390298763	dependency_excess	0.307130270365165	0.0001129969346457	middle
shared_mean_baseline	baseline	HCC1143	CDKN2A	0.027590860836732	0.312571273566283	0.0768253909001521	cell cycle / replication	0.0099949668475238	0.9560052115640716	ribosomal / translation	0.2202206645521839	0.8672007922132425	0.1482717765531062	0.2303550879099205	0.2303550879099205	0.1550951550886697	0.0050523230156554	2.084157760547977	0.5380502468314596	-0.5380502468314596	middle	6.198489826465077e-05	0.0017555807543913	middle
shared_mean_baseline	baseline	HCC1143	COMMD6	0.027590860836732	0.312571273566283	0.0768253909001521	NF-κB / copper signaling	0.0488540611423575	0.9560052115640716	ribosomal / translation	0.2202206645521839	0.8672007922132425	0.1482717765531062	0.2303550879099205	0.2303550879099205	0.1550951550886697	0.0045342930040741	1.9629627640817848	-0.2218216265227303	0.2218216265227303	middle	0.1351756293730245	-0.0018290028000756	middle
shared_mean_baseline	baseline	HCC1143	ENY2	0.027590860836732	0.312571273566283	0.0768253909001521	transcription / chromatin	0.0674993391814572	0.9560052115640716	ribosomal / translation	0.2202206645521839	0.8672007922132425	0.1482717765531062	0.2303550879099205	0.2303550879099205	0.1550951550886697	0.0105137437444661	4.81257682403588	-0.2358088308059663	0.2358088308059663	Q1_anchor	0.148881151602389	0.0040940009097656	middle
shared_mean_baseline	baseline	HCC1143	ERC1	0.027590860836732	0.312571273566283	0.0768253909001521	synaptic / signaling	0.0083235269973861	0.9560052115640716	ribosomal / translation	0.2202206645521839	0.8672007922132425	0.1482717765531062	0.2303550879099205	0.2303550879099205	0.1550951550886697	0.0048784834929897	2.171773525634778	-0.0379118967638982	0.0379118967638982	middle	0.0303840215886299	-0.0007426226695384	middle
shared_mean_baseline	baseline	HCC1143	ETV3	0.027590860836732	0.312571273566283	0.0768253909001521	transcription regulation	0.0124982267931994	0.9560052115640716	ribosomal / translation	0.2202206645521839	0.8672007922132425	0.1482717765531062	0.2303550879099205	0.2303550879099205	0.1550951550886697	0.0053871026377591	2.391418251940516	-0.2314760637952857	0.2314760637952857	middle	0.1444988533493548	-0.0010151547990828	middle
shared_mean_baseline	baseline	HCC1143	GON4L	0.027590860836732	0.312571273566283	0.0768253909001521	transcription regulation	0.0124982267931994	0.9560052115640716	ribosomal / translation	0.2202206645521839	0.8672007922132425	0.1482717765531062	0.2303550879099205	0.2303550879099205	0.1550951550886697	0.0076879048971422	3.3323369388260327	-0.2362581803183601	0.2362581803183601	Q1_anchor	0.1493363288328347	0.0012663486589094	middle
shared_mean_baseline	baseline	HCC1143	HDGF	0.027590860836732	0.312571273566283	0.0768253909001521	growth factor / proliferation	0.0383186405460401	0.9560052115640716	ribosomal / translation	0.2202206645521839	0.8672007922132425	0.1482717765531062	0.2303550879099205	0.2303550879099205	0.1550951550886697	0.0039901671750222	1.703063739115492	0.0093193516536966	-0.0093193516536966	low_information	0.0196252078195258	-0.0014403316532318	middle
shared_mean_baseline	baseline	HCC1143	HLX	0.027590860836732	0.312571273566283	0.0768253909001521	transcription regulation	0.0124982267931994	0.9560052115640716	ribosomal / translation	0.2202206645521839	0.8672007922132425	0.1482717765531062	0.2303550879099205	0.2303550879099205	0.1550951550886697	0.0050212083343797	2.1525423051369463	-0.0105503675972533	0.0105503675972533	middle	0.0236239287972883	-0.0004894771149374	middle
shared_mean_baseline	baseline	HCC1143	KLF3	0.027590860836732	0.312571273566283	0.0768253909001521	transcription regulation	0.0124982267931994	0.9560052115640716	ribosomal / translation	0.2202206645521839	0.8672007922132425	0.1482717765531062	0.2303550879099205	0.2303550879099205	0.1550951550886697	0.0053919861225157	2.4761644999238697	-0.0596711039921486	0.0596711039921486	middle	0.0369385703770605	-0.0003169319150876	middle
shared_mean_baseline	baseline	HCC1143	LAMTOR5	0.027590860836732	0.312571273566283	0.0768253909001521	mTOR / lysosome / signaling	0.0456035252662751	0.9560052115640716	ribosomal / translation	0.2202206645521839	0.8672007922132425	0.1482717765531062	0.2303550879099205	0.2303550879099205	0.1550951550886697	0.0093777769035242	4.656042860446887	-0.2080048465520216	0.2080048465520216	shift_excess	0.1226400958971878	0.0030702403622925	middle
shared_mean_baseline	baseline	HCC1143	MAML3	0.027590860836732	0.312571273566283	0.0768253909001521	transcription regulation	0.0124982267931994	0.9560052115640716	ribosomal / translation	0.2202206645521839	0.8672007922132425	0.1482717765531062	0.2303550879099205	0.2303550879099205	0.1550951550886697	0.0042930848646172	1.7996119267653603	0.1521238451421929	-0.1521238451421929	low_information	0.0050198572939971	-0.0005611094038771	low_shift_high_depmap
shared_mean_baseline	baseline	HCC1143	MIER1	0.027590860836732	0.312571273566283	0.0768253909001521	transcription regulation	0.0124982267931994	0.9560052115640716	ribosomal / translation	0.2202206645521839	0.8672007922132425	0.1482717765531062	0.2303550879099205	0.2303550879099205	0.1550951550886697	0.0057833931966825	2.6261656244995977	0.0742152031018489	-0.0742152031018489	middle	0.0105919574277721	0.0006147893143467	middle
shared_mean_baseline	baseline	HCC1143	MTDH	0.027590860836732	0.312571273566283	0.0768253909001521	signaling / oncogene	0.0153170910017954	0.9560052115640716	ribosomal / translation	0.2202206645521839	0.8672007922132425	0.1482717765531062	0.2303550879099205	0.2303550879099205	0.1550951550886697	0.0047338690320834	2.296174525630673	0.0581370024256225	-0.0581370024256225	low_information	0.0123435627679496	-0.0004996203460521	middle
shared_mean_baseline	baseline	HCC1143	MYBL1	0.027590860836732	0.312571273566283	0.0768253909001521	transcription regulation	0.0124982267931994	0.9560052115640716	ribosomal / translation	0.2202206645521839	0.8672007922132425	0.1482717765531062	0.2303550879099205	0.2303550879099205	0.1550951550886697	0.0084130142568229	4.1759196436307295	0.0019970126997557	-0.0019970126997557	shift_excess	0.0210310036855235	0.0029529652566927	middle
shared_mean_baseline	baseline	HCC1143	NCOA1	0.027590860836732	0.312571273566283	0.0768253909001521	nuclear receptor / co-activator	0.02399174637728	0.9560052115640716	ribosomal / translation	0.2202206645521839	0.8672007922132425	0.1482717765531062	0.2303550879099205	0.2303550879099205	0.1550951550886697	0.0039071575713196	1.6312942916912654	-0.0161660097106361	0.0161660097106361	middle	0.0248991192692647	-0.0016261904712875	middle
shared_mean_baseline	baseline	HCC1143	NPM1	0.027590860836732	0.312571273566283	0.0768253909001521	ribosome biogenesis / nucleolar	0.0112393689483235	0.9560052115640716	ribosomal / translation	0.2202206645521839	0.8672007922132425	0.1482717765531062	0.2303550879099205	0.2303550879099205	0.1550951550886697	0.0074812035133293	3.688200648316474	-0.2486990570176843	0.2486990570176843	Q1_anchor	0.1622748801750765	0.0010094406338762	middle
shared_mean_baseline	baseline	HCC1143	PA2G4	0.027590860836732	0.312571273566283	0.0768253909001521	growth / proliferation	0.0535638109910706	0.9560052115640716	ribosomal / translation	0.2202206645521839	0.8672007922132425	0.1482717765531062	0.2303550879099205	0.2303550879099205	0.1550951550886697	0.0059315461556859	2.723108581584277	-0.1608978437052549	0.1608978437052549	middle	0.0861889371200693	-0.0001858844590862	middle
shared_mean_baseline	baseline	HCC1143	PARK7	0.027590860836732	0.312571273566283	0.0768253909001521	oxidative stress / mitochondrial	0.0764578922761815	0.9560052115640716	ribosomal / translation	0.2202206645521839	0.8672007922132425	0.1482717765531062	0.2303550879099205	0.2303550879099205	0.1550951550886697	0.0061480042391653	2.928387425848147	-0.2182235899354996	0.2182235899354996	middle	0.1318604273725387	-0.0002007712593501	middle
shared_mean_baseline	baseline	HCC1143	PCBD1	0.027590860836732	0.312571273566283	0.0768253909001521	metabolism / transcription	0.0364260703089419	0.9560052115640716	ribosomal / translation	0.2202206645521839	0.8672007922132425	0.1482717765531062	0.2303550879099205	0.2303550879099205	0.1550951550886697	0.004675198066501	1.9660380677668263	0.0683543828600407	-0.0683543828600407	low_information	0.0111916491629234	-0.0005170578546941	middle
shared_mean_baseline	baseline	HCC1143	PEX14	0.027590860836732	0.312571273566283	0.0768253909001521	peroxisome / metabolism	0.0095065022727147	0.9560052115640716	ribosomal / translation	0.2202206645521839	0.8672007922132425	0.1482717765531062	0.2303550879099205	0.2303550879099205	0.1550951550886697	0.0044493142820248	1.9268910846893088	-0.0066559675281558	0.0066559675281558	middle	0.0227993432195642	-0.0010456548514921	middle
shared_mean_baseline	baseline	HCC1143	PFDN5	0.027590860836732	0.312571273566283	0.0768253909001521	proteostasis / chaperone	0.0122313904792008	0.9560052115640716	ribosomal / translation	0.2202206645521839	0.8672007922132425	0.1482717765531062	0.2303550879099205	0.2303550879099205	0.1550951550886697	0.0102329499993855	4.766008110486418	-1.230578156287104	1.230578156287104	Q1_anchor	0.9694975960688984	-0.0002013030526004	high_shift_low_depmap
shared_mean_baseline	baseline	HCC1143	PMF1	0.027590860836732	0.312571273566283	0.0768253909001521	transcription regulation	0.0124982267931994	0.9560052115640716	ribosomal / translation	0.2202206645521839	0.8672007922132425	0.1482717765531062	0.2303550879099205	0.2303550879099205	0.1550951550886697	0.0127756932567781	5.460196344335996	-1.119192133800067	1.119192133800067	Q1_anchor	0.9510487581740272	0.0027909517788656	high_shift_low_depmap
shared_mean_baseline	baseline	HCC1143	PRDX2	0.027590860836732	0.312571273566283	0.0768253909001521	oxidative stress / antioxidant	0.042416757671218	0.9560052115640716	ribosomal / translation	0.2202206645521839	0.8672007922132425	0.1482717765531062	0.2303550879099205	0.2303550879099205	0.1550951550886697	0.0055213995831513	2.4223981708602773	-0.252200600989717	0.252200600989717	dependency_excess	0.1660158727868937	-0.0009644941944828	middle
shared_mean_baseline	baseline	HCC1143	PRPF6	0.027590860836732	0.312571273566283	0.0768253909001521	RNA processing / spliceosome	0.0330318121448223	0.9560052115640716	ribosomal / translation	0.2202206645521839	0.8672007922132425	0.1482717765531062	0.2303550879099205	0.2303550879099205	0.1550951550886697	0.0154111896961658	6.723676671381678	-1.862027728723321	1.862027728723321	Q1_anchor	1.0	0.0024286466081761	high_shift_low_depmap
shared_mean_baseline	baseline	HCC1143	RORC	0.027590860836732	0.312571273566283	0.0768253909001521	nuclear receptor / metabolism	0.0034666457645724	0.9560052115640716	ribosomal / translation	0.2202206645521839	0.8672007922132425	0.1482717765531062	0.2303550879099205	0.2303550879099205	0.1550951550886697	0.0045634026869297	1.921562432852684	-0.0824404967576715	0.0824404967576715	middle	0.0451125018855452	-0.0012374039499269	middle
shared_mean_baseline	baseline	HCC1143	RPS3	0.027590860836732	0.312571273566283	0.0768253909001521	ribosomal / translation	0.2202206645521839	0.9560052115640716	ribosomal / translation	0.2202206645521839	0.8672007922132425	0.1482717765531062	0.2303550879099205	0.2303550879099205	0.1550951550886697	0.007860948328555	3.49877472663025	-1.8308395717061807	1.8308395717061807	Q1_anchor	1.0	-0.004995731233292	high_shift_low_depmap
shared_mean_baseline	baseline	HCC1143	RUVBL2	0.027590860836732	0.312571273566283	0.0768253909001521	chromatin remodeling	0.0493588875831131	0.9560052115640716	ribosomal / translation	0.2202206645521839	0.8672007922132425	0.1482717765531062	0.2303550879099205	0.2303550879099205	0.1550951550886697	0.0119327730703482	5.345672749772987	-3.079405316707214	3.079405316707214	Q1_anchor	1.0	-0.0059626424193833	high_shift_low_depmap
shared_mean_baseline	baseline	HCC1143	SMAD1	0.027590860836732	0.312571273566283	0.0768253909001521	TGF-beta / BMP signaling	0.0079705197488006	0.9560052115640716	ribosomal / translation	0.2202206645521839	0.8672007922132425	0.1482717765531062	0.2303550879099205	0.2303550879099205	0.1550951550886697	0.0045476060135123	1.9146500705205347	-0.0350665523770763	0.0350665523770763	middle	0.0296077539081418	-0.0010620174224982	middle
shared_mean_baseline	baseline	HCC1143	STAT3	0.027590860836732	0.312571273566283	0.0768253909001521	JAK-STAT signaling	0.0334603687361547	0.9560052115640716	ribosomal / translation	0.2202206645521839	0.8672007922132425	0.1482717765531062	0.2303550879099205	0.2303550879099205	0.1550951550886697	0.0045791788860737	2.0256258230145	0.1832408329754175	-0.1832408329754175	low_information	0.0037329167002494	-0.000149439068005	low_shift_high_depmap
shared_mean_baseline	baseline	HCC1143	TAB3	0.027590860836732	0.312571273566283	0.0768253909001521	NF-κB / MAPK signaling	0.0019764184815684	0.9560052115640716	ribosomal / translation	0.2202206645521839	0.8672007922132425	0.1482717765531062	0.2303550879099205	0.2303550879099205	0.1550951550886697	0.0060275444241772	2.656227587222326	0.0976441247104035	-0.0976441247104035	middle	0.0084525379475361	0.000953490748375	middle
shared_mean_baseline	baseline	HCC1143	TADA3	0.027590860836732	0.312571273566283	0.0768253909001521	transcription / chromatin	0.0674993391814572	0.9560052115640716	ribosomal / translation	0.2202206645521839	0.8672007922132425	0.1482717765531062	0.2303550879099205	0.2303550879099205	0.1550951550886697	0.0103750807743799	5.1135832829938925	-0.3196085427253	0.3196085427253	Q1_anchor	0.2498577956515995	0.0036171542109612	high_shift_low_depmap
shared_mean_baseline	baseline	HCC1143	THAP8	0.027590860836732	0.312571273566283	0.0768253909001521	transcription regulation	0.0124982267931994	0.9560052115640716	ribosomal / translation	0.2202206645521839	0.8672007922132425	0.1482717765531062	0.2303550879099205	0.2303550879099205	0.1550951550886697	0.0050716034302432	2.4487280363408086	0.0324986749282021	-0.0324986749282021	middle	0.0157775614105068	-0.0002653524753134	middle
shared_mean_baseline	baseline	HCC1143	THRA	0.027590860836732	0.312571273566283	0.0768253909001521	nuclear receptor / metabolism	0.0034666457645724	0.9560052115640716	ribosomal / translation	0.2202206645521839	0.8672007922132425	0.1482717765531062	0.2303550879099205	0.2303550879099205	0.1550951550886697	0.0053431820384494	2.3724404917219064	-0.0854627248517602	0.0854627248517602	middle	0.0463338341696651	-0.000469821160215	middle
shared_mean_baseline	baseline	HCC1143	TMF1	0.027590860836732	0.312571273566283	0.0768253909001521	transcription regulation	0.0124982267931994	0.9560052115640716	ribosomal / translation	0.2202206645521839	0.8672007922132425	0.1482717765531062	0.2303550879099205	0.2303550879099205	0.1550951550886697	0.0058951763799742	2.502337580432542	-0.2262288778701592	0.2262288778701592	middle	0.1394316818255967	-0.0004859054124556	middle
shared_mean_baseline	baseline	HCC1143	TMSB4X	0.027590860836732	0.312571273566283	0.0768253909001521	cytoskeleton / cell motility	0.0467257663744749	0.9560052115640716	ribosomal / translation	0.2202206645521839	0.8672007922132425	0.1482717765531062	0.2303550879099205	0.2303550879099205	0.1550951550886697	0.0039703565382887	1.8624986123191989	0.091112482425534	-0.091112482425534	low_information	0.0090048231316929	-0.0011300563587083	low_shift_high_depmap
shared_mean_baseline	baseline	HCC1143	UBP1	0.027590860836732	0.312571273566283	0.0768253909001521	transcription regulation	0.0124982267931994	0.9560052115640716	ribosomal / translation	0.2202206645521839	0.8672007922132425	0.1482717765531062	0.2303550879099205	0.2303550879099205	0.1550951550886697	0.0046551429363536	1.9683247358074805	0.0714133084074786	-0.0714133084074786	low_information	0.0108785135935251	-0.0005247683260854	middle
shared_mean_baseline	baseline	HCC1143	VEZF1	0.027590860836732	0.312571273566283	0.0768253909001521	transcription regulation	0.0124982267931994	0.9560052115640716	ribosomal / translation	0.2202206645521839	0.8672007922132425	0.1482717765531062	0.2303550879099205	0.2303550879099205	0.1550951550886697	0.0060274132373266	2.8398473940734115	-0.0273314385525012	0.0273314385525012	middle	0.0275909199432945	0.0004490057753968	middle
shared_mean_baseline	baseline	HCC1143	XBP1	0.027590860836732	0.312571273566283	0.0768253909001521	ER stress / UPR	0.0293971266057067	0.9560052115640716	ribosomal / translation	0.2202206645521839	0.8672007922132425	0.1482717765531062	0.2303550879099205	0.2303550879099205	0.1550951550886697	0.0045885756847594	2.055446583049452	0.097035867478511	-0.097035867478511	low_information	0.0085039693399301	-0.0004879326856233	middle
shared_mean_baseline	baseline	HCC1143	YBX1	0.027590860836732	0.312571273566283	0.0768253909001521	RNA processing / transcription	0.0181540844717086	0.9560052115640716	ribosomal / translation	0.2202206645521839	0.8672007922132425	0.1482717765531062	0.2303550879099205	0.2303550879099205	0.1550951550886697	0.0077493948528648	3.8245990837962864	-1.377081609330736	1.377081609330736	Q1_anchor	0.9913468022551738	-0.0032760903511849	middle
shared_mean_baseline	baseline	HCC1143	ZBTB17	0.027590860836732	0.312571273566283	0.0768253909001521	transcription regulation	0.0124982267931994	0.9560052115640716	ribosomal / translation	0.2202206645521839	0.8672007922132425	0.1482717765531062	0.2303550879099205	0.2303550879099205	0.1550951550886697	0.010587215682323	4.928221899857864	-0.636991913780868	0.636991913780868	Q1_anchor	0.7578619386258375	0.0025484506840411	high_shift_low_depmap
shared_mean_baseline	baseline	HCC1143	ZBTB20	0.027590860836732	0.312571273566283	0.0768253909001521	transcription regulation	0.0124982267931994	0.9560052115640716	ribosomal / translation	0.2202206645521839	0.8672007922132425	0.1482717765531062	0.2303550879099205	0.2303550879099205	0.1550951550886697	0.0043814448697306	1.889601177535932	0.1050163545153338	-0.1050163545153338	low_information	0.0078803596044426	-0.0006628572937179	low_shift_high_depmap
shared_mean_baseline	baseline	HCC1143	ZBTB5	0.027590860836732	0.312571273566283	0.0768253909001521	transcription regulation	0.0124982267931994	0.9560052115640716	ribosomal / translation	0.2202206645521839	0.8672007922132425	0.1482717765531062	0.2303550879099205	0.2303550879099205	0.1550951550886697	0.0053368219337521	2.288843476575004	-0.1471075087045335	0.1471075087045335	middle	0.0773557703888747	-0.0007249561399313	middle
shared_mean_baseline	baseline	HCC1143	ZNF131	0.027590860836732	0.312571273566283	0.0768253909001521	transcription regulation	0.0124982267931994	0.9560052115640716	ribosomal / translation	0.2202206645521839	0.8672007922132425	0.1482717765531062	0.2303550879099205	0.2303550879099205	0.1550951550886697	0.0105522037854389	4.608186179220708	-1.08124407956173	1.08124407956173	Q1_anchor	0.9463812533969612	0.0007206062048738	high_shift_low_depmap
shared_mean_baseline	baseline	HCC1143	ZNF24	0.027590860836732	0.312571273566283	0.0768253909001521	transcription regulation	0.0124982267931994	0.9560052115640716	ribosomal / translation	0.2202206645521839	0.8672007922132425	0.1482717765531062	0.2303550879099205	0.2303550879099205	0.1550951550886697	0.0043616307953344	1.8788468529612183	0.0882223029314296	-0.0882223029314296	low_information	0.0092505619875028	-0.0007504457656013	low_shift_high_depmap
shared_mean_baseline	baseline	HCC1143	ZNF566	0.027590860836732	0.312571273566283	0.0768253909001521	transcription regulation	0.0124982267931994	0.9560052115640716	ribosomal / translation	0.2202206645521839	0.8672007922132425	0.1482717765531062	0.2303550879099205	0.2303550879099205	0.1550951550886697	0.0044548810181222	2.020865157655443	0.1001260553605671	-0.1001260553605671	low_information	0.0082561267211935	-0.0006091565306257	low_shift_high_depmap
