target_gene	n_cutoff_pairs	n_shared_anchor_calls	min_shift_quantile_mean	min_depmap_quantile_mean	max_shift_quantile_mean	max_depmap_quantile_mean	shared_anchor_stability_fraction	stability_call	final_wording_tier	covariate_cleanliness	is_stable	stability_min_fraction	stability_max_fraction
RPS3	3	2	0.8322251773049645	0.97905585106383	0.8322251773049645	0.97905585106383	0.6666666666666666	cutoff_sensitive_shared_anchor	supporting_but_sensitive		False	0.67	1.0
RUVBL2	3	2	0.8623670212765957	0.9418218085106382	0.8623670212765957	0.9418218085106382	0.6666666666666666	cutoff_sensitive_shared_anchor	supporting_but_sensitive		False	0.67	1.0
ZBTB17	3	2	0.8413120567375887	0.799645390070922	0.8413120567375887	0.799645390070922	0.6666666666666666	cutoff_sensitive_shared_anchor	supporting_but_sensitive		False	0.67	1.0
ENY2	3	1	0.9055851063829788	0.7586436170212766	0.9055851063829788	0.7586436170212766	0.3333333333333333	cutoff_sensitive_shared_anchor	supporting_but_sensitive		False	0.33	0.67
NPM1	3	1	0.8435283687943262	0.8113918439716312	0.8435283687943262	0.8113918439716312	0.3333333333333333	cutoff_sensitive_shared_anchor	supporting_but_sensitive		False	0.33	0.67
PFDN5	3	3	0.8315602836879432	0.8840868794326242	0.8315602836879432	0.8840868794326242	1.0	stable_shared_anchor	primary_but_qualified	retain_with_caution	True	0.67	1.0
PMF1	3	3	0.9153368794326242	0.9162234042553192	0.9153368794326242	0.9162234042553192	1.0	stable_shared_anchor	supporting_only	supporting_but_covariate_exposed	True	0.67	1.0
PRPF6	3	3	0.9895833333333331	0.9524601063829788	0.9895833333333331	0.9524601063829788	1.0	stable_shared_anchor	supporting_only	supporting_but_covariate_exposed	True	0.67	1.0
ZNF131	3	3	0.905363475177305	0.8526152482269503	0.905363475177305	0.8526152482269503	1.0	stable_shared_anchor	supporting_only	supporting_but_covariate_exposed	True	0.67	1.0
