path	figure_group	bytes	sha256
figures/Extended_Data_Figure_1/Extended_Data_Figure_1_source_data.tsv	Extended_Data_Figure_1	3783918	fa9e1614793289755cd4d615b73a7043505c05cca82ee565f9d64b3c1f4cbb0c
figures/Extended_Data_Figure_1/panels/Extended_Data_Figure_1_panel_a_source_data.tsv	Extended_Data_Figure_1	902	fd0cf2f4988b46af9375d243c3c4909378d637b16043cb57fbaf2ff6b60a4202
figures/Extended_Data_Figure_1/panels/Extended_Data_Figure_1_panel_b_source_data.tsv	Extended_Data_Figure_1	3229456	cd925030cd983495b6d29e34afdfc092229b477ab9bf0cc3d4cda31e5dd758e8
figures/Extended_Data_Figure_1/panels/Extended_Data_Figure_1_panel_c_source_data.tsv	Extended_Data_Figure_1	159690	88fef7262b3f46a38b38d8d0a2269e3e2e4c48c9d954892945c177b64b315f29
figures/Extended_Data_Figure_1/panels/Extended_Data_Figure_1_panel_d_source_data.tsv	Extended_Data_Figure_1	736	165677cb7071977b344e698c63ab2017fb2e88afb766f1acdc85f0599ac11cb5
figures/Extended_Data_Figure_1/panels/Extended_Data_Figure_1_panel_e_source_data.tsv	Extended_Data_Figure_1	745	42a1c88b39837e4ef4bd77073063a40a8d8f3cda3ebd19d6de5c220b8f4342a4
figures/Extended_Data_Figure_1/panels/Extended_Data_Figure_1_panel_f_source_data.tsv	Extended_Data_Figure_1	76122	f8f3d32ebff1b8c3bf2c5ce161e67ba363d8fdbf627f3677e2ae3e9adb70a77e
figures/Extended_Data_Figure_1/panels/Extended_Data_Figure_1_panel_g_source_data.tsv	Extended_Data_Figure_1	2048	945928e570eed2aef2f9b0f18d47b28713e478721df532d2962c9583a7173452
figures/Extended_Data_Figure_1/panels/Extended_Data_Figure_1_panel_h_source_data.tsv	Extended_Data_Figure_1	2091	c878289849c17bad174b24e8b474bc2f433f3d37a74c5e84647e27a6e02d976a
figures/Extended_Data_Figure_1/panels/Extended_Data_Figure_1_panel_i_source_data.tsv	Extended_Data_Figure_1	478	f38680d0152303c527ebcc22b5e18b9ef06ad9b292fa5fb5593ec428ab388c3c
figures/Extended_Data_Figure_1/panels/Extended_Data_Figure_1_panel_j_source_data.tsv	Extended_Data_Figure_1	444	cbac44f81eced238719a59f8e34c3c91f46d734866a5b527282baf4bbeae90ac
figures/Extended_Data_Figure_1/panels/Extended_Data_Figure_1_panel_k_source_data.tsv	Extended_Data_Figure_1	79817	381688d61e37fa9f27c967577b76582acc3725be252faa9ffccd67c1a98e331c
figures/Extended_Data_Figure_2/Extended_Data_Figure_2_source_data.tsv	Extended_Data_Figure_2	22059	c0acb3d351353f56c61a9bad4e4d01174e0aed6d7ed546eaeef1bb761a880086
figures/Extended_Data_Figure_2/panels/Extended_Data_Figure_2_panel_a_source_data.tsv	Extended_Data_Figure_2	8133	924fbc0ccb289f9c0c49ca4007b1975e3f8d2e6639b855817c06ffef17920d63
figures/Extended_Data_Figure_2/panels/Extended_Data_Figure_2_panel_b_source_data.tsv	Extended_Data_Figure_2	4181	fa734c4aa2703d15497f5bbd6aa60a5827c072d05ebea9b2601d5b081caa5d97
figures/Extended_Data_Figure_2/panels/Extended_Data_Figure_2_panel_c_source_data.tsv	Extended_Data_Figure_2	2793	0b2ac0fb96d5c8f908ab7917195fc45f087d0247844291252301c3be22c8165b
figures/Extended_Data_Figure_2/panels/Extended_Data_Figure_2_panel_d_source_data.tsv	Extended_Data_Figure_2	847	5604ef67b7f09f8d5b5392d0f810de55abba2266fe5080ed6bfac19230980f1b
figures/Extended_Data_Figure_2/panels/Extended_Data_Figure_2_panel_e_source_data.tsv	Extended_Data_Figure_2	1051	9a77b66b8d7b5627ba451e0169880d68ffdbe2cad38ae413a8d0ed0d96fb52e5
figures/Extended_Data_Figure_2/panels/Extended_Data_Figure_2_panel_f_source_data.tsv	Extended_Data_Figure_2	2177	b877d2f56293dfaddcb27b9602cc3daef7b253c0caa557f90dfb7239a898da62
figures/Extended_Data_Figure_3/Extended_Data_Figure_3_source_data.tsv	Extended_Data_Figure_3	5359032	c5046ebda6be3b3e2afb460238600e67681190817950c76dfd5a42ef77b716eb
figures/Extended_Data_Figure_3/panels/Extended_Data_Figure_3_panel_a_source_data.tsv	Extended_Data_Figure_3	4164	8bf9c130c6226c1e2c154746e8e5a738862bbb7910b0a064003fc76a405f32bd
figures/Extended_Data_Figure_3/panels/Extended_Data_Figure_3_panel_b_source_data.tsv	Extended_Data_Figure_3	4184	ac5b2c8f9142618179632cabf41a4ab9f3d8b566433b4c94b92c611d3d8b6b4b
figures/Extended_Data_Figure_3/panels/Extended_Data_Figure_3_panel_c_source_data.tsv	Extended_Data_Figure_3	655658	600dfe3963a02cdd7c89bef7674e0d4340e32a0559cd1a6e8f7e93869ba35be8
figures/Extended_Data_Figure_3/panels/Extended_Data_Figure_3_panel_d_source_data.tsv	Extended_Data_Figure_3	3223878	26510811c8419ec2d0976dd1b700fd349094204c800be592508155fa285a3970
figures/Extended_Data_Figure_3/panels/Extended_Data_Figure_3_panel_e_source_data.tsv	Extended_Data_Figure_3	354409	ac9a8657b5e1c7aab640a49c9a7a8e3fcad4c3368fd6b5cf162587ade13e35a8
figures/Extended_Data_Figure_3/panels/Extended_Data_Figure_3_panel_f_source_data.tsv	Extended_Data_Figure_3	580589	0addb46190b4d8dc0ca9638c3ed6d8ac2cb044014656ee4dfa25a5d786ac2f32
figures/Extended_Data_Figure_3/panels/Extended_Data_Figure_3_panel_g_source_data.tsv	Extended_Data_Figure_3	3864	b933ee173a43f9e0640065bc32bf9ecde321c3848e11e10190edea903c34ca42
figures/Extended_Data_Figure_4/Extended_Data_Figure_4_source_data.tsv	Extended_Data_Figure_4	32040	6f5335b21ba61ef6cda1c093d08dc4345b10392407fd7a280c087f164d94c0bb
figures/Extended_Data_Figure_4/panels/Extended_Data_Figure_4_panel_a_source_data.tsv	Extended_Data_Figure_4	4059	e12202ad072580adae2b4c6194644be85b805b66740e65e51a831c366f5fb19f
figures/Extended_Data_Figure_4/panels/Extended_Data_Figure_4_panel_b_source_data.tsv	Extended_Data_Figure_4	1076	289213fcd81d80d0b06c6754c5ce871c4f5096455a598cc3d98990efd450697d
figures/Extended_Data_Figure_4/panels/Extended_Data_Figure_4_panel_c_source_data.tsv	Extended_Data_Figure_4	2376	9022368f0621178819c62cbbac8ccbd06d430295991a815b401d326fa9c3d932
figures/Extended_Data_Figure_4/panels/Extended_Data_Figure_4_panel_d_source_data.tsv	Extended_Data_Figure_4	993	983501d783cd3458a6464ca515c92ded330cce596c63bf858b67cdc2a5b733fe
figures/Extended_Data_Figure_4/panels/Extended_Data_Figure_4_panel_e_source_data.tsv	Extended_Data_Figure_4	5034	eb583d5df7b7625299d97e1e811d70d9ac72ae476d8347f87b3d20a050ccc372
figures/Extended_Data_Figure_4/panels/Extended_Data_Figure_4_panel_f_source_data.tsv	Extended_Data_Figure_4	14204	c1ab33400835549a0a837bf098e67037a220778ca93b32684b0682165d93a337
figures/Extended_Data_Figure_5/Extended_Data_Figure_5_source_data.tsv	Extended_Data_Figure_5	105752	5c95a3d6f20f9bc5ac947c2bfeedb41abae0437b6a471846dbb378fc3fbfdbf9
figures/Extended_Data_Figure_5/panels/Extended_Data_Figure_5_panel_a_source_data.tsv	Extended_Data_Figure_5	3237	f946950a3c2072df1573fcfa08557b903984e615d6a688540540949692659619
figures/Extended_Data_Figure_5/panels/Extended_Data_Figure_5_panel_b_source_data.tsv	Extended_Data_Figure_5	3538	31ee414ea9674d8aa7c96459bbf09104819268bf8e1ec233d3728f0077fab015
figures/Extended_Data_Figure_5/panels/Extended_Data_Figure_5_panel_c_source_data.tsv	Extended_Data_Figure_5	1746	27ef46d9511124b1dccc4263edfdf86cea8b1d62897bc1ba1e36904c3eeb5cd7
figures/Extended_Data_Figure_5/panels/Extended_Data_Figure_5_panel_d_source_data.tsv	Extended_Data_Figure_5	1313	3eb985ac6464963621a7b698f74558d78ef9d3fda672aa7b16b90ba6d6800036
figures/Extended_Data_Figure_5/panels/Extended_Data_Figure_5_panel_e_source_data.tsv	Extended_Data_Figure_5	8559	0d4fc2e19ebe9b86a6a8ad3241a826ba05d61a749315354139a0febc4589fc02
figures/Extended_Data_Figure_5/panels/Extended_Data_Figure_5_panel_f_source_data.tsv	Extended_Data_Figure_5	63529	db45118f75c2bfe029eec10f453a08482e7202f6b0e9520e032c30f14474182b
figures/Extended_Data_Figure_5/panels/Extended_Data_Figure_5_panel_g_source_data.tsv	Extended_Data_Figure_5	1461	a4e3bf483ce8ca272d05ce7701156d539157b1480c8df1e8131eda7cd778bbd2
figures/Extended_Data_Figure_6/Extended_Data_Figure_6_source_data.tsv	Extended_Data_Figure_6	46238	b5d4d0538c43e78ed85e72938f4eab9320500a5fbb865c1f854412656698dada
figures/Extended_Data_Figure_6/panels/Extended_Data_Figure_6_panel_a_source_data.tsv	Extended_Data_Figure_6	5152	b01fae40d937f404f0dce70adf9e33249054dc6dfa8a99f03e25582be31e707b
figures/Extended_Data_Figure_6/panels/Extended_Data_Figure_6_panel_b_source_data.tsv	Extended_Data_Figure_6	6136	31be620107c9504cc9ebaac83b2480d94f84ac982fa50f3938249df051c6ddc2
figures/Extended_Data_Figure_6/panels/Extended_Data_Figure_6_panel_c_source_data.tsv	Extended_Data_Figure_6	6017	f2d1f9315066b3c21e112edc58094d9220488aceb2690ac50cafa8a2e064b464
figures/Extended_Data_Figure_6/panels/Extended_Data_Figure_6_panel_d_source_data.tsv	Extended_Data_Figure_6	6136	31be620107c9504cc9ebaac83b2480d94f84ac982fa50f3938249df051c6ddc2
figures/Extended_Data_Figure_6/panels/Extended_Data_Figure_6_panel_e_source_data.tsv	Extended_Data_Figure_6	5520	217ff5dee7d5f8e47f230c95cbce8e3d8bfdf3d3cd9e8e45be1e37023cbc8eb7
figures/Extended_Data_Figure_6/panels/Extended_Data_Figure_6_panel_f_source_data.tsv	Extended_Data_Figure_6	5757	b07b354679d45773b828948586decb9e39c6966bf3a839448265e8c91538b0a3
figures/Extended_Data_Figure_6/panels/Extended_Data_Figure_6_panel_g_source_data.tsv	Extended_Data_Figure_6	3366	565c7447ce7c06222b9ba6fcac41ad823d9d680868dc82b9b445b63904da6600
figures/Extended_Data_Figure_7/Extended_Data_Figure_7_source_data.tsv	Extended_Data_Figure_7	10910813	65f6865f75b0140dd29c2ffce0cf43a3ed24e373eaab567e32abc9cf73a8da0b
figures/Extended_Data_Figure_7/panels/Extended_Data_Figure_7_panel_a_source_data.tsv	Extended_Data_Figure_7	673	dc4fbcd2ae9a69276e5a6c9bd351b2f26f843a650ffa6cdf5f1e82b0699a28bd
figures/Extended_Data_Figure_7/panels/Extended_Data_Figure_7_panel_b_source_data.tsv	Extended_Data_Figure_7	129831	76af8b3cf4417673f19001a96490e5c069e3a287516c6a382ce17cb1b4bdc447
figures/Extended_Data_Figure_7/panels/Extended_Data_Figure_7_panel_c_source_data.tsv	Extended_Data_Figure_7	2934051	82200cf2a906357197ecf84d2fd4a2e640f3b3e4bef07a73b0f60e8eb8cbed77
figures/Extended_Data_Figure_7/panels/Extended_Data_Figure_7_panel_d_source_data.tsv	Extended_Data_Figure_7	6655320	cad26c46cbe014853076688b14f0e9acaec41e74c22f23e0ae4dbb7b3b11ab11
figures/Extended_Data_Figure_7/panels/Extended_Data_Figure_7_panel_e_source_data.tsv	Extended_Data_Figure_7	66336	b56d2581c3369df2a1462d9d8d7aa0ff9c2c8f9224ec0f85bbcac31084a870a9
figures/Extended_Data_Figure_7/panels/Extended_Data_Figure_7_panel_f_source_data.tsv	Extended_Data_Figure_7	63697	08737ce8cf0d2c10e984e54fd0491c65b03a76f349f04042d4378818120e10e3
figures/Extended_Data_Figure_7/panels/Extended_Data_Figure_7_panel_g_source_data.tsv	Extended_Data_Figure_7	442527	80f30b41be0c2756b4c334040f79ea050fac39f1fada84fa4de58a9b6e9f00d3
figures/Extended_Data_Figure_7/panels/Extended_Data_Figure_7_panel_h_source_data.tsv	Extended_Data_Figure_7	1189	573f10838102fb51d1e8d1130c81b98181f3132477af9034b065f2abf47f8f0d
figures/Figure_1/Figure_1_source_data.tsv	Figure_1	12304	c15a92b44f8cf403de69502dd5c25910486a149ec8519d32ca40ca242dc53feb
figures/Figure_1/panels/Figure_1_panel_a_source_data.tsv	Figure_1	368	9db13619b5ee6483c716182c2ef2d13dd636aea738a27c26d7fb049dcf2571d5
figures/Figure_1/panels/Figure_1_panel_b_source_data.tsv	Figure_1	8760	e9189edb1222329424a74354b1a37d8afcd9d5925a0fffddf682968654c5125c
figures/Figure_1/panels/Figure_1_panel_c_source_data.tsv	Figure_1	574	78fea97cfd0d4f4def4c993eba45936ba6f4e133487ff1ca05e0ba855e59c091
figures/Figure_1/panels/Figure_1_panel_d_source_data.tsv	Figure_1	846	e2ee309b5848b64516fcfcaa1b1e815a55c983f615669d2b4ae7c08fdc69f87c
figures/Figure_2/Figure_2_source_data.tsv	Figure_2	50805	7d5393679e1a0d1256fadbe94f60a6b7371c81aa15a0eb05f12e1630b2ad4f13
figures/Figure_2/panels/Figure_2_panel_a_source_data.tsv	Figure_2	23207	99fe2e64f266fcc88cd1c523816bccc13c2ca6e5b8268f2bad434c74c96e65b0
figures/Figure_2/panels/Figure_2_panel_b_source_data.tsv	Figure_2	23295	ff66cb061f37069d4096413d6cf6fb4bafd1588dc7da3a10472c3f0072066eeb
figures/Figure_2/panels/Figure_2_panel_c_source_data.tsv	Figure_2	347	bf87856dfb0d3a487ea78267a491469ab977e15c3f68279e577b24d546e3bfd3
figures/Figure_2/panels/Figure_2_panel_d_source_data.tsv	Figure_2	725	62845389e50bec585a116426d3df6eb47084c02983975eb0861f3a37e54d93e4
figures/Figure_2/panels/Figure_2_panel_e_source_data.tsv	Figure_2	263	7f63f453249dbc1d547e3960acf83cfb8bdd3ede1fbb2145c2e9bbae77cf00e1
figures/Figure_3/Figure_3_source_data.tsv	Figure_3	528209	ed2f489f4c8a2cfc640b7beb6545b49b90823a06db7df328d38169e469417eea
figures/Figure_3/panels/Figure_3_panel_a_source_data.tsv	Figure_3	2846	7b4f1797f4797e82bb9f10f537597b4fa13132bf12b41aedf65bdf1020567166
figures/Figure_3/panels/Figure_3_panel_b_source_data.tsv	Figure_3	246752	0ba2d14cf61dbfc5537d088f9cc50dac49c479d2ced460b93867874cd3f23d72
figures/Figure_3/panels/Figure_3_panel_c_source_data.tsv	Figure_3	246752	0ba2d14cf61dbfc5537d088f9cc50dac49c479d2ced460b93867874cd3f23d72
figures/Figure_3/panels/Figure_3_panel_d_source_data.tsv	Figure_3	3412	d8642d5639e6b5b772ac4493d3ef3f25bb7129fa835065c81e1fde82f0c9cead
figures/Figure_3/panels/Figure_3_panel_e_source_data.tsv	Figure_3	4108	065f3ac2e9096c20c1c63afe5ab311f547f08274e12e29fdcca4969bc4fd0de5
figures/Figure_4/Figure_4_source_data.tsv	Figure_4	18331	e911c2584a54d80bf21676265088eb1902c3fd9f1901e6433f59aabece2f4ff0
figures/Figure_4/panels/Figure_4_panel_a_source_data.tsv	Figure_4	4929	468af96b2e33b684b5584901dd142489efb11e346f4cb2b6cbbc66dcdd031fb8
figures/Figure_4/panels/Figure_4_panel_b_source_data.tsv	Figure_4	2640	44935186da67937bcfad6df50e4b18db3ff164ad18acfe92041a468009cd3d2b
figures/Figure_4/panels/Figure_4_panel_c_source_data.tsv	Figure_4	9417	85e55ec075ed5af5e17c6fd291b302de64655fb92ca2a907525dce53d00e85cc
figures/Figure_4/panels/Figure_4_panel_d_source_data.tsv	Figure_4	319	605e9e9fbacd0e542530054c409959c38d5167857314482d081885a3f0d93e61
figures/Figure_5/Figure_5_source_data.tsv	Figure_5	63050	0473c27484e805d3215f75c6194e3b9a3009c78f5afb27545223771dd3d36846
figures/Figure_5/panels/Figure_5_panel_a_source_data.tsv	Figure_5	633	a51feab6134fbbcf78aaf64dc9c07d1b420d261b83722206deb24c29b3f9ea7c
figures/Figure_5/panels/Figure_5_panel_b_source_data.tsv	Figure_5	15160	19c585eb2780d2063205bae90e99f52e15725534a79038cbffb712b5d9839422
figures/Figure_5/panels/Figure_5_panel_c_source_data.tsv	Figure_5	15878	f7582de794c9deaaf17aea5e4b9e2d812eab89a00b9913d93ebb97077e031c1b
figures/Figure_5/panels/Figure_5_panel_d_source_data.tsv	Figure_5	31076	ac091fe5e0ba9605883b12ab1fce58a16f4a22ae2ced6094e48e2a73840ba33a
