model_id	object_role	cell_line	endpoint_recovery_score	common_response_score	common_response_quadrant	mean_stress_axis_share	mean_top_axis_share	mean_target_axis_cosine_proxy	panel	target_identity_preservation_spearman	target_identity_preservation_pvalue	target_identity_label_permutation_pvalue	target_identity_label_permutation_zscore	target_identity_preservation_status	target_identity_n_pairs	predicted_target_similarity_mean	observed_target_similarity_mean	target_identity_label_permutation_qvalue	target_gene	fine_axis	projected_mean_abs	label
cellot_hcc_formal_v1	entrant	HCC1143	1.1644666682169402	0.2569163937652669	high_recovery/low_common	0.123652731668838	0.1200363064522831	0.9348539590940624	a													
cellot_hcc_formal_v1	entrant	HCC38	0.535104012779166	0.2528416842528738	low_recovery/low_common	0.0943047769525485	0.1164369120243864	0.9169762074678888	a													
cpa_v0.8.8	candidate	HCC1143	-1.271227215776623	0.907800958985443	low_recovery/high_common	0.2634075972395723	0.1974494839356401	0.9938789985197216	a													
cpa_v0.8.8	candidate	HCC38	1.3133024645927576	0.6605230189798669	high_recovery/high_common	0.175418486224289	0.0935251129924128	0.9846092868407312	a													
gears_hcc_formal_v1	entrant	HCC1143	0.6308542779548804	0.1065350359555124	low_recovery/low_common	0.1000376672244845	0.1240927683255225	0.8951722923241306	a													
gears_hcc_formal_v1	entrant	HCC38	1.3672536929012795	0.3218258701853763	high_recovery/low_common	0.0835094002854025	0.1475447730062259	0.9296548583009722	a													
gears_hcc_formal_v1_e20_lr1e-03_wd1e-06	entrant	HCC1143	0.5493274545802985	0.1449922281442987	low_recovery/low_common	0.0830625690272641	0.1113892663851426	0.9305959190636376	a													
gears_hcc_formal_v1_e20_lr1e-03_wd1e-06	entrant	HCC38	0.5801109996819873	0.339077516584952	low_recovery/low_common	0.083009868139477	0.1503240631485726	0.9336356310905876	a													
gears_hcc_formal_v1_e30_lr1e-03_wd1e-05	entrant	HCC1143	0.6187361160599738	0.1656279901845046	low_recovery/low_common	0.1091571012565679	0.1223953683524476	0.9109621949734708	a													
gears_hcc_formal_v1_e30_lr1e-03_wd1e-05	entrant	HCC38	1.0958920807196828	0.5188067113229822	low_recovery/high_common	0.0984713473943082	0.1635213057673427	0.9672754806151588	a													
gears_hcc_formal_v1_e30_lr2e-03_wd1e-06	entrant	HCC1143	1.4176800562405845	0.2987954814104352	high_recovery/low_common	0.1167486285801652	0.1424783040589142	0.932085031380762	a													
gears_hcc_formal_v1_e30_lr2e-03_wd1e-06	entrant	HCC38	1.4573236370680276	0.4010322335752296	high_recovery/high_common	0.120397980235844	0.1426414537599799	0.9270389877073802	a													
gears_hcc_formal_v1_e30_lr5e-04_wd1e-06	entrant	HCC1143	0.8627817884676641	0.287131891462135	low_recovery/low_common	0.1395152442519359	0.1499963305647873	0.906949264095796	a													
gears_hcc_formal_v1_e30_lr5e-04_wd1e-06	entrant	HCC38	1.9491623961271196	0.3113900489545178	high_recovery/low_common	0.1046763184106925	0.1260066823169737	0.9212922727194258	a													
gears_hcc_formal_v1_e40_lr1e-03_wd1e-06	entrant	HCC1143	-0.067834692573133	0.2382628746451952	low_recovery/low_common	0.0907985362917787	0.1299242228586277	0.9396809649994838	a													
gears_hcc_formal_v1_e40_lr1e-03_wd1e-06	entrant	HCC38	1.1272633904034095	0.3513107291948283	high_recovery/low_common	0.0839248186645132	0.1578913846471374	0.9327295093160508	a													
geneformer_hcc_formal_v1	entrant	HCC1143	1.2510034110345924	0.4911981833535601	high_recovery/high_common	0.2119450320739361	0.1620241450308775	0.9192108781093258	a													
geneformer_hcc_formal_v1	entrant	HCC38	0.4274116709700121	0.466846360777347	low_recovery/high_common	0.1438923810347894	0.1408777879246397	0.9291348289139942	a													
lm_g_geneformer_ridge_hcc_formal_v1	entrant	HCC1143	1.145053473235152	0.4829846138904355	high_recovery/high_common	0.1791873046208924	0.1532305977575393	0.94507355851241	a													
lm_g_geneformer_ridge_hcc_formal_v1	entrant	HCC38	1.1363153618638222	0.3999111287861076	high_recovery/low_common	0.1177632390416096	0.1505224925161823	0.9248086472556568	a													
lm_g_scgpt_ridge_hcc_formal_v1	entrant	HCC1143	-0.2838018694423823	0.5811138504970058	low_recovery/high_common	0.1607493422876829	0.1827740287688959	0.9616820954827796	a													
lm_g_scgpt_ridge_hcc_formal_v1	entrant	HCC38	0.3280408597569585	0.5486269916442886	low_recovery/high_common	0.1443281198130645	0.1788152388658025	0.93363308567578	a													
lm_train_lowrank_hcc_formal_v1	entrant	HCC1143	1.0934215344881302	0.5386050566035546	high_recovery/high_common	0.1531050580537135	0.2042215452982777	0.9319545672906162	a													
lm_train_lowrank_hcc_formal_v1	entrant	HCC38	1.104278326268875	0.5696369544770917	low_recovery/high_common	0.1285400120185772	0.2102422462537024	0.9360862313311168	a													
null_model		HCC1143			not_estimable				a													
null_model		HCC38			not_estimable				a													
scgen_hcc_formal_v1	entrant	HCC1143	2.426114108989938	0.2991877244175069	high_recovery/high_common	0.1626420632393037	0.1656734533473	0.8818781700360901	a													
scgen_hcc_formal_v1	entrant	HCC38	2.8461055385644096	0.2739552578539064	high_recovery/low_common	0.1150867638969521	0.1511118076141621	0.8901953447325545	a													
scgpt_hcc_formal_v1	entrant	HCC1143	1.20048332371371	0.54508551239525	high_recovery/high_common	0.177200349280991	0.2201388089665744	0.9041825945686676	a													
scgpt_hcc_formal_v1	entrant	HCC38	0.7447646481151986	0.6144383695225172	low_recovery/high_common	0.17156083918556	0.219776312401316	0.9117614303167502	a													
shared_mean_baseline	baseline	HCC1143	1.5438113314697843	0.7811051074844687	high_recovery/high_common	0.1550951550886698	0.2303550879099205	0.9875957405742796	a													
shared_mean_baseline	baseline	HCC38	2.991590451663796	0.6666666666666666	high_recovery/high_common	0.0482329246293423	0.2879265842906668	0.9863820994399072	a													
cellot_hcc_formal_v1	entrant	HCC38							b	0.0573004959352234	0.0596562149619813	0.1458541458541458	1.0742101582128156	estimated	1081.0	0.3270921291540744	0.0573125562535606	0.3473193473193474				
cpa_v0.8.8	candidate	HCC38							b	0.0330358918939869	0.2778276555247682	0.2307692307692307	0.7299861387382959	estimated	1081.0	0.9943975900943736	0.0573125562535606	0.4615384615384615				
gears_hcc_formal_v1	entrant	HCC38							b	0.0957375941622403	0.0016253773209933	0.0359640359640359	1.9311724207648389	estimated	1081.0	0.5460301042813953	0.0573125562535606	0.2237762237762237				
gears_hcc_formal_v1_e20_lr1e-03_wd1e-06	entrant	HCC38							b	0.052526813047639	0.0843114613501531	0.1488511488511488	1.0489699766820388	estimated	1081.0	0.6182453610071568	0.0573125562535606	0.3473193473193474				
gears_hcc_formal_v1_e30_lr1e-03_wd1e-05	entrant	HCC38							b	-0.0415299439201624	0.1724247678912987	0.7652347652347652	-0.7703723837694278	estimated	1081.0	0.8195872415007046	0.0573125562535606	0.8423883808499194				
gears_hcc_formal_v1_e30_lr2e-03_wd1e-06	entrant	HCC38							b	-0.0400209256811533	0.1885653611006789	0.7822177822177823	-0.8255730486520597	estimated	1081.0	0.7119459604433226	0.0573125562535606	0.8423883808499194				
gears_hcc_formal_v1_e30_lr5e-04_wd1e-06	entrant	HCC38							b	0.0154454572899703	0.6119673549033471	0.3256743256743257	0.4063443272753669	estimated	1081.0	0.4443415055183273	0.0573125562535606	0.56993006993007				
gears_hcc_formal_v1_e40_lr1e-03_wd1e-06	entrant	HCC38							b	-0.0499240508349278	0.1008897971718665	0.8691308691308691	-1.0440748296342015	estimated	1081.0	0.4662983517585243	0.0573125562535606	0.8691308691308691				
geneformer_hcc_formal_v1	entrant	HCC38							b	0.0857608567407805	0.0047780059087968	0.0479520479520479	1.6798753661162231	estimated	1081.0	0.5146872998631231	0.0573125562535606	0.2237762237762237				
lm_g_geneformer_ridge_hcc_formal_v1	entrant	HCC38							b	0.042451032975142	0.1630933609303713	0.0889110889110889	1.375635383195133	estimated	1081.0	0.0240288470057757	0.0573125562535606	0.3111888111888112				
lm_g_scgpt_ridge_hcc_formal_v1	entrant	HCC38							b	-0.0123767880352373	0.6843930408420826	0.6383616383616384	-0.4099637443565785	estimated	1081.0	0.0072176059978728	0.0573125562535606	0.8124602670057215				
lm_train_lowrank_hcc_formal_v1	entrant	HCC38							b	-0.0130078453255117	0.6692318044177172	0.6373626373626373	-0.3867298008280773	estimated	1081.0	0.0175076917214645	0.0573125562535606	0.8124602670057215				
null_model		HCC38							b					non_estimable_constant_score	1081.0	0.0	0.0573125562535606					
scgen_hcc_formal_v1	entrant	HCC38							b	0.4312415061854633	3.464082371568211e-50	0.0009990009990009	7.234578989799254	estimated	1081.0	0.7937453571091763	0.0573125562535606	0.0139860139860139				
scgpt_hcc_formal_v1	entrant	HCC38							b	-0.0143393828576987	0.6376856675441671	0.6203796203796204	-0.3578043749713796	estimated	1081.0	0.202188361964867	0.0573125562535606	0.8124602670057215				
shared_mean_baseline	baseline	HCC38							b					non_estimable_constant_score	1081.0	1.0000000000000002	0.0573125562535606					
cellot_hcc_formal_v1	entrant	HCC1143							b	0.0317567825596778	0.2968683919023464	0.2847152847152847	0.5455765771673791	estimated	1081.0	0.3089680808051098	0.0605282495699902	0.5694305694305695				
cpa_v0.8.8	candidate	HCC1143							b	0.0061119841227771	0.8409154517244813	0.4185814185814185	0.1771441931322567	estimated	1081.0	0.9387438609106422	0.0605282495699902	0.6055944055944056				
gears_hcc_formal_v1	entrant	HCC1143							b	0.0034259390670155	0.9104190654212224	0.4325674325674326	0.1415934247752366	estimated	1081.0	0.4724202434574844	0.0605282495699902	0.6055944055944056				
gears_hcc_formal_v1_e20_lr1e-03_wd1e-06	entrant	HCC1143							b	0.0632262787341007	0.0376666428831592	0.0839160839160839	1.461342756209563	estimated	1081.0	0.5608439204019287	0.0605282495699902	0.3916083916083916				
gears_hcc_formal_v1_e30_lr1e-03_wd1e-05	entrant	HCC1143							b	0.0374886408737792	0.2181061678699387	0.1468531468531468	1.0401000191971943	estimated	1081.0	0.3929365713742335	0.0605282495699902	0.513986013986014				
gears_hcc_formal_v1_e30_lr2e-03_wd1e-06	entrant	HCC1143							b	0.1080833470602305	0.0003709293591934	0.0149850149850149	2.52446058145892	estimated	1081.0	0.4643565027679994	0.0605282495699902	0.1048951048951049				
gears_hcc_formal_v1_e30_lr5e-04_wd1e-06	entrant	HCC1143							b	-0.008688679480084	0.7753789315845937	0.5654345654345654	-0.2002880481436093	estimated	1081.0	0.3295028559342168	0.0605282495699902	0.719643992371265				
gears_hcc_formal_v1_e40_lr1e-03_wd1e-06	entrant	HCC1143							b	0.023098824730606	0.4480447421916254	0.2827172827172827	0.5309533960653462	estimated	1081.0	0.6022141880314819	0.0605282495699902	0.5694305694305695				
geneformer_hcc_formal_v1	entrant	HCC1143							b	-0.0296412539525389	0.3302312001652588	0.6723276723276723	-0.5337534599211688	estimated	1081.0	0.4777565643621391	0.0605282495699902	0.7337278106508875				
lm_g_geneformer_ridge_hcc_formal_v1	entrant	HCC1143							b	-0.0180060508543069	0.5542684408253034	0.6813186813186813	-0.5179197328883101	estimated	1081.0	0.0367955238109856	0.0605282495699902	0.7337278106508875				
lm_g_scgpt_ridge_hcc_formal_v1	entrant	HCC1143							b	0.0107242215994295	0.7246888763680496	0.3646353646353646	0.272008353822316	estimated	1081.0	0.0272587066867515	0.0605282495699902	0.6055944055944056				
lm_train_lowrank_hcc_formal_v1	entrant	HCC1143							b	0.0281941444951152	0.3543968102254329	0.2077922077922078	0.8263143376518882	estimated	1081.0	0.0325874415324252	0.0605282495699902	0.5694305694305695				
null_model		HCC1143							b					non_estimable_constant_score	1081.0	0.0	0.0605282495699902					
scgen_hcc_formal_v1	entrant	HCC1143							b	0.3272104246902518	2.158161964400761e-28	0.0009990009990009	5.065632332804121	estimated	1081.0	0.7789692471597668	0.0605282495699902	0.0139860139860139				
scgpt_hcc_formal_v1	entrant	HCC1143							b	-0.0338890114335079	0.2655999106727913	0.7792207792207793	-0.7737214963621039	estimated	1081.0	0.2535636536365696	0.0605282495699902	0.7792207792207793				
shared_mean_baseline	baseline	HCC1143							b					non_estimable_constant_score	1081.0	1.0	0.0605282495699902					
cellot_hcc_formal_v1	entrant	HCC38							d	0.0573004959352234	0.0596562149619813	0.1458541458541458	1.0742101582128156	estimated	1081.0	0.3270921291540744	0.0573125562535606	0.3473193473193474				
cpa_v0.8.8	candidate	HCC38							d	0.0330358918939869	0.2778276555247682	0.2307692307692307	0.7299861387382959	estimated	1081.0	0.9943975900943736	0.0573125562535606	0.4615384615384615				
gears_hcc_formal_v1	entrant	HCC38							d	0.0957375941622403	0.0016253773209933	0.0359640359640359	1.9311724207648389	estimated	1081.0	0.5460301042813953	0.0573125562535606	0.2237762237762237				
gears_hcc_formal_v1_e20_lr1e-03_wd1e-06	entrant	HCC38							d	0.052526813047639	0.0843114613501531	0.1488511488511488	1.0489699766820388	estimated	1081.0	0.6182453610071568	0.0573125562535606	0.3473193473193474				
gears_hcc_formal_v1_e30_lr1e-03_wd1e-05	entrant	HCC38							d	-0.0415299439201624	0.1724247678912987	0.7652347652347652	-0.7703723837694278	estimated	1081.0	0.8195872415007046	0.0573125562535606	0.8423883808499194				
gears_hcc_formal_v1_e30_lr2e-03_wd1e-06	entrant	HCC38							d	-0.0400209256811533	0.1885653611006789	0.7822177822177823	-0.8255730486520597	estimated	1081.0	0.7119459604433226	0.0573125562535606	0.8423883808499194				
gears_hcc_formal_v1_e30_lr5e-04_wd1e-06	entrant	HCC38							d	0.0154454572899703	0.6119673549033471	0.3256743256743257	0.4063443272753669	estimated	1081.0	0.4443415055183273	0.0573125562535606	0.56993006993007				
gears_hcc_formal_v1_e40_lr1e-03_wd1e-06	entrant	HCC38							d	-0.0499240508349278	0.1008897971718665	0.8691308691308691	-1.0440748296342015	estimated	1081.0	0.4662983517585243	0.0573125562535606	0.8691308691308691				
geneformer_hcc_formal_v1	entrant	HCC38							d	0.0857608567407805	0.0047780059087968	0.0479520479520479	1.6798753661162231	estimated	1081.0	0.5146872998631231	0.0573125562535606	0.2237762237762237				
lm_g_geneformer_ridge_hcc_formal_v1	entrant	HCC38							d	0.042451032975142	0.1630933609303713	0.0889110889110889	1.375635383195133	estimated	1081.0	0.0240288470057757	0.0573125562535606	0.3111888111888112				
lm_g_scgpt_ridge_hcc_formal_v1	entrant	HCC38							d	-0.0123767880352373	0.6843930408420826	0.6383616383616384	-0.4099637443565785	estimated	1081.0	0.0072176059978728	0.0573125562535606	0.8124602670057215				
lm_train_lowrank_hcc_formal_v1	entrant	HCC38							d	-0.0130078453255117	0.6692318044177172	0.6373626373626373	-0.3867298008280773	estimated	1081.0	0.0175076917214645	0.0573125562535606	0.8124602670057215				
null_model		HCC38							d					non_estimable_constant_score	1081.0	0.0	0.0573125562535606					
scgen_hcc_formal_v1	entrant	HCC38							d	0.4312415061854633	3.464082371568211e-50	0.0009990009990009	7.234578989799254	estimated	1081.0	0.7937453571091763	0.0573125562535606	0.0139860139860139				
scgpt_hcc_formal_v1	entrant	HCC38							d	-0.0143393828576987	0.6376856675441671	0.6203796203796204	-0.3578043749713796	estimated	1081.0	0.202188361964867	0.0573125562535606	0.8124602670057215				
shared_mean_baseline	baseline	HCC38							d					non_estimable_constant_score	1081.0	1.0000000000000002	0.0573125562535606					
cellot_hcc_formal_v1	entrant	HCC1143							d	0.0317567825596778	0.2968683919023464	0.2847152847152847	0.5455765771673791	estimated	1081.0	0.3089680808051098	0.0605282495699902	0.5694305694305695				
cpa_v0.8.8	candidate	HCC1143							d	0.0061119841227771	0.8409154517244813	0.4185814185814185	0.1771441931322567	estimated	1081.0	0.9387438609106422	0.0605282495699902	0.6055944055944056				
gears_hcc_formal_v1	entrant	HCC1143							d	0.0034259390670155	0.9104190654212224	0.4325674325674326	0.1415934247752366	estimated	1081.0	0.4724202434574844	0.0605282495699902	0.6055944055944056				
gears_hcc_formal_v1_e20_lr1e-03_wd1e-06	entrant	HCC1143							d	0.0632262787341007	0.0376666428831592	0.0839160839160839	1.461342756209563	estimated	1081.0	0.5608439204019287	0.0605282495699902	0.3916083916083916				
gears_hcc_formal_v1_e30_lr1e-03_wd1e-05	entrant	HCC1143							d	0.0374886408737792	0.2181061678699387	0.1468531468531468	1.0401000191971943	estimated	1081.0	0.3929365713742335	0.0605282495699902	0.513986013986014				
gears_hcc_formal_v1_e30_lr2e-03_wd1e-06	entrant	HCC1143							d	0.1080833470602305	0.0003709293591934	0.0149850149850149	2.52446058145892	estimated	1081.0	0.4643565027679994	0.0605282495699902	0.1048951048951049				
gears_hcc_formal_v1_e30_lr5e-04_wd1e-06	entrant	HCC1143							d	-0.008688679480084	0.7753789315845937	0.5654345654345654	-0.2002880481436093	estimated	1081.0	0.3295028559342168	0.0605282495699902	0.719643992371265				
gears_hcc_formal_v1_e40_lr1e-03_wd1e-06	entrant	HCC1143							d	0.023098824730606	0.4480447421916254	0.2827172827172827	0.5309533960653462	estimated	1081.0	0.6022141880314819	0.0605282495699902	0.5694305694305695				
geneformer_hcc_formal_v1	entrant	HCC1143							d	-0.0296412539525389	0.3302312001652588	0.6723276723276723	-0.5337534599211688	estimated	1081.0	0.4777565643621391	0.0605282495699902	0.7337278106508875				
lm_g_geneformer_ridge_hcc_formal_v1	entrant	HCC1143							d	-0.0180060508543069	0.5542684408253034	0.6813186813186813	-0.5179197328883101	estimated	1081.0	0.0367955238109856	0.0605282495699902	0.7337278106508875				
lm_g_scgpt_ridge_hcc_formal_v1	entrant	HCC1143							d	0.0107242215994295	0.7246888763680496	0.3646353646353646	0.272008353822316	estimated	1081.0	0.0272587066867515	0.0605282495699902	0.6055944055944056				
lm_train_lowrank_hcc_formal_v1	entrant	HCC1143							d	0.0281941444951152	0.3543968102254329	0.2077922077922078	0.8263143376518882	estimated	1081.0	0.0325874415324252	0.0605282495699902	0.5694305694305695				
null_model		HCC1143							d					non_estimable_constant_score	1081.0	0.0	0.0605282495699902					
scgen_hcc_formal_v1	entrant	HCC1143							d	0.3272104246902518	2.158161964400761e-28	0.0009990009990009	5.065632332804121	estimated	1081.0	0.7789692471597668	0.0605282495699902	0.0139860139860139				
scgpt_hcc_formal_v1	entrant	HCC1143							d	-0.0338890114335079	0.2655999106727913	0.7792207792207793	-0.7737214963621039	estimated	1081.0	0.2535636536365696	0.0605282495699902	0.7792207792207793				
shared_mean_baseline	baseline	HCC1143							d					non_estimable_constant_score	1081.0	1.0	0.0605282495699902					
									c										NPM1	RNA processing / transcription	0.3537373510491295	
									c										YBX1	RNA processing / transcription	1.6682088048780424	
									c										PARK7	RNA processing / transcription	0.3200420848669996	
									c										PFDN5	RNA processing / transcription	0.3387747013073046	
									c										RPS3	RNA processing / transcription	0.324278492236937	
									c										TMSB4X	RNA processing / transcription	0.3126840824854948	
									c										RUVBL2	RNA processing / transcription	0.3373217851214938	
									c										PA2G4	RNA processing / transcription	0.2454942019097208	
									c										ENY2	RNA processing / transcription	0.3084605921505878	
									c										PRDX2	RNA processing / transcription	0.2675221014778128	
									c										LAMTOR5	RNA processing / transcription	0.2691096303664411	
									c										ZBTB17	RNA processing / transcription	0.2749889054454844	
									c										PMF1	RNA processing / transcription	0.1979777550876265	
									c										MTDH	RNA processing / transcription	0.2319736625306574	
									c										NPM1	ribosomal / translation	0.4205007135891021	
									c										YBX1	ribosomal / translation	0.2466685391901131	
									c										PARK7	ribosomal / translation	0.2922020119282891	
									c										PFDN5	ribosomal / translation	0.2313079912449285	
									c										RPS3	ribosomal / translation	1.2455113544352103	
									c										TMSB4X	ribosomal / translation	0.3019022919513601	
									c										RUVBL2	ribosomal / translation	0.3320642914603797	
									c										PA2G4	ribosomal / translation	0.251108474818086	
									c										ENY2	ribosomal / translation	0.3588835628606692	
									c										PRDX2	ribosomal / translation	0.2516895837345667	
									c										LAMTOR5	ribosomal / translation	0.1978841334210708	
									c										ZBTB17	ribosomal / translation	0.2351522779206516	
									c										PMF1	ribosomal / translation	0.1297133796361711	
									c										MTDH	ribosomal / translation	0.2458816084063735	
									c										NPM1	ribosome biogenesis / nucleolar	1.8887299139887053	
									c										YBX1	ribosome biogenesis / nucleolar	0.4052437292184989	
									c										PARK7	ribosome biogenesis / nucleolar	0.2200673025282165	
									c										PFDN5	ribosome biogenesis / nucleolar	0.2467047737318908	
									c										RPS3	ribosome biogenesis / nucleolar	0.2342346584042807	
									c										TMSB4X	ribosome biogenesis / nucleolar	0.2567237615414623	
									c										RUVBL2	ribosome biogenesis / nucleolar	0.3799489969350493	
									c										PA2G4	ribosome biogenesis / nucleolar	0.2403642997375592	
									c										ENY2	ribosome biogenesis / nucleolar	0.302877331654217	
									c										PRDX2	ribosome biogenesis / nucleolar	0.1956056437435536	
									c										LAMTOR5	ribosome biogenesis / nucleolar	0.2316319244205344	
									c										ZBTB17	ribosome biogenesis / nucleolar	0.2868290201080534	
									c										PMF1	ribosome biogenesis / nucleolar	0.4236934933465002	
									c										MTDH	ribosome biogenesis / nucleolar	0.1800217513435811	
									c										NPM1	oxidative stress / mitochondrial	0.3410961683574822	
									c										YBX1	oxidative stress / mitochondrial	0.3273345839248625	
									c										PARK7	oxidative stress / mitochondrial	1.2056759118642555	
									c										PFDN5	oxidative stress / mitochondrial	0.2079096735931902	
									c										RPS3	oxidative stress / mitochondrial	0.2431307480753703	
									c										TMSB4X	oxidative stress / mitochondrial	0.247207030828505	
									c										RUVBL2	oxidative stress / mitochondrial	0.3033859563382277	
									c										PA2G4	oxidative stress / mitochondrial	0.196829895298672	
									c										ENY2	oxidative stress / mitochondrial	0.3141710654521998	
									c										PRDX2	oxidative stress / mitochondrial	0.2355104896822175	
									c										LAMTOR5	oxidative stress / mitochondrial	0.2144375769374615	
									c										ZBTB17	oxidative stress / mitochondrial	0.4550124111155404	
									c										PMF1	oxidative stress / mitochondrial	0.2041967618748936	
									c										MTDH	oxidative stress / mitochondrial	0.1617592254058479	
									c										NPM1	cytoskeleton / cell motility	0.4486670908612788	
									c										YBX1	cytoskeleton / cell motility	0.1689592592207089	
									c										PARK7	cytoskeleton / cell motility	0.1845899442723659	
									c										PFDN5	cytoskeleton / cell motility	0.2634213747828959	
									c										RPS3	cytoskeleton / cell motility	0.4241016108767366	
									c										TMSB4X	cytoskeleton / cell motility	1.2525566423515428	
									c										RUVBL2	cytoskeleton / cell motility	0.3710902145968617	
									c										PA2G4	cytoskeleton / cell motility	0.1931648666917476	
									c										ENY2	cytoskeleton / cell motility	0.2433969096066017	
									c										PRDX2	cytoskeleton / cell motility	0.2718479679454373	
									c										LAMTOR5	cytoskeleton / cell motility	0.0172649093070442	
									c										ZBTB17	cytoskeleton / cell motility	0.2661460196704559	
									c										PMF1	cytoskeleton / cell motility	0.1138886338092568	
									c										MTDH	cytoskeleton / cell motility	0.0527734364470546	
									c										NPM1	proteostasis / chaperone	0.2836775959750746	
									c										YBX1	proteostasis / chaperone	0.2487036425975488	
									c										PARK7	proteostasis / chaperone	0.295004223357767	
									c										PFDN5	proteostasis / chaperone	1.0268854342236065	
									c										RPS3	proteostasis / chaperone	0.2211925402259282	
									c										TMSB4X	proteostasis / chaperone	0.2139043325948619	
									c										RUVBL2	proteostasis / chaperone	0.2136645389534748	
									c										PA2G4	proteostasis / chaperone	0.1634041853084109	
									c										ENY2	proteostasis / chaperone	0.2188543849231292	
									c										PRDX2	proteostasis / chaperone	0.2103369787086086	
									c										LAMTOR5	proteostasis / chaperone	0.2814096700839632	
									c										ZBTB17	proteostasis / chaperone	0.1744841591905104	
									c										PMF1	proteostasis / chaperone	0.1771427454901546	
									c										MTDH	proteostasis / chaperone	0.1666831921663278	
									c										NPM1	growth / proliferation	0.1840424347985567	
									c										YBX1	growth / proliferation	0.1925353641717042	
									c										PARK7	growth / proliferation	0.1777257623024808	
									c										PFDN5	growth / proliferation	0.2432979565571043	
									c										RPS3	growth / proliferation	0.1026744444239917	
									c										TMSB4X	growth / proliferation	0.1603758851699213	
									c										RUVBL2	growth / proliferation	0.2721571452684099	
									c										PA2G4	growth / proliferation	1.0638704745689755	
									c										ENY2	growth / proliferation	0.2545592053930816	
									c										PRDX2	growth / proliferation	0.1754978941065064	
									c										LAMTOR5	growth / proliferation	0.1976762624162651	
									c										ZBTB17	growth / proliferation	0.1919739287916322	
									c										PMF1	growth / proliferation	0.1696894285188632	
									c										MTDH	growth / proliferation	0.1514479559540851	
									c										NPM1	oxidative stress / antioxidant	0.2129994755725567	
									c										YBX1	oxidative stress / antioxidant	0.1159096813815695	
									c										PARK7	oxidative stress / antioxidant	0.12846319467555	
									c										PFDN5	oxidative stress / antioxidant	0.1972177499795049	
									c										RPS3	oxidative stress / antioxidant	0.0970277251326564	
									c										TMSB4X	oxidative stress / antioxidant	0.1138303802452873	
									c										RUVBL2	oxidative stress / antioxidant	0.2982866956302893	
									c										PA2G4	oxidative stress / antioxidant	0.1503501060515956	
									c										ENY2	oxidative stress / antioxidant	0.0564427958410054	
									c										PRDX2	oxidative stress / antioxidant	0.6408898005482193	
									c										LAMTOR5	oxidative stress / antioxidant	0.1532166067611529	
									c										ZBTB17	oxidative stress / antioxidant	0.2364803025986258	
									c										PMF1	oxidative stress / antioxidant	0.1413244016491893	
									c										MTDH	oxidative stress / antioxidant	0.1417062248130203	
									e										THAP8	ER stress / UPR	0.075278962588585	
									e										STAT3	ER stress / UPR	0.0746857771637803	
									e										VEZF1	ER stress / UPR	0.0725236484768754	
									e										MIER1	ER stress / UPR	0.0728371391060715	
									e										ZBTB20	ER stress / UPR	0.0722190985443955	
									e										ARID1A	ER stress / UPR	0.0718033561470872	
									e										LAMTOR5	ER stress / UPR	0.0720785507920152	
									e										PRPF6	ER stress / UPR	0.0706295022728806	
									e										HDGF	ER stress / UPR	0.0713857958081132	
									e										BMPR1A	ER stress / UPR	0.0719508478405839	
									e										ETV3	ER stress / UPR	0.0711710700753098	
									e										PEX14	ER stress / UPR	0.0708564469578629	
									e										TADA3	ER stress / UPR	0.0704595098259812	
									e										ZBTB17	ER stress / UPR	0.0713011572125321	
									e										THAP8	signaling / oncogene	0.0445820959993801	
									e										STAT3	signaling / oncogene	0.042863574881216	
									e										VEZF1	signaling / oncogene	0.0382500561663112	
									e										MIER1	signaling / oncogene	0.0374204787203273	
									e										ZBTB20	signaling / oncogene	0.0361241969057521	
									e										ARID1A	signaling / oncogene	0.0356286438890895	
									e										LAMTOR5	signaling / oncogene	0.0353972586580715	
									e										PRPF6	signaling / oncogene	0.0354730757662258	
									e										HDGF	signaling / oncogene	0.0339766415544948	
									e										BMPR1A	signaling / oncogene	0.0336378487535915	
									e										ETV3	signaling / oncogene	0.0328809889742336	
									e										PEX14	signaling / oncogene	0.0320580872484645	
									e										TADA3	signaling / oncogene	0.0314759882875881	
									e										ZBTB17	signaling / oncogene	0.0314514311739406	
									e										THAP8	JAK-STAT signaling	0.0249247334216323	
									e										STAT3	JAK-STAT signaling	0.0249869606707778	
									e										VEZF1	JAK-STAT signaling	0.023768194696733	
									e										MIER1	JAK-STAT signaling	0.0242380581114974	
									e										ZBTB20	JAK-STAT signaling	0.0232406637881484	
									e										ARID1A	JAK-STAT signaling	0.022151299497911	
									e										LAMTOR5	JAK-STAT signaling	0.0225953541014877	
									e										PRPF6	JAK-STAT signaling	0.0227880559180465	
									e										HDGF	JAK-STAT signaling	0.0232351503585067	
									e										BMPR1A	JAK-STAT signaling	0.0223555944178787	
									e										ETV3	JAK-STAT signaling	0.0223139009688583	
									e										PEX14	JAK-STAT signaling	0.022438564083406	
									e										TADA3	JAK-STAT signaling	0.0213488421652999	
									e										ZBTB17	JAK-STAT signaling	0.0219686112616744	
									e										THAP8	nuclear receptor / co-activator	0.0196911801434074	
									e										STAT3	nuclear receptor / co-activator	0.0195748169756446	
									e										VEZF1	nuclear receptor / co-activator	0.0197689642048393	
									e										MIER1	nuclear receptor / co-activator	0.0196771432495628	
									e										ZBTB20	nuclear receptor / co-activator	0.0194335763192688	
									e										ARID1A	nuclear receptor / co-activator	0.0195171122289215	
									e										LAMTOR5	nuclear receptor / co-activator	0.0191773508525405	
									e										PRPF6	nuclear receptor / co-activator	0.0210384388304267	
									e										HDGF	nuclear receptor / co-activator	0.0200134028530632	
									e										BMPR1A	nuclear receptor / co-activator	0.0203850899673019	
									e										ETV3	nuclear receptor / co-activator	0.0196934302187477	
									e										PEX14	nuclear receptor / co-activator	0.0194485668874298	
									e										TADA3	nuclear receptor / co-activator	0.0186286975479637	
									e										ZBTB17	nuclear receptor / co-activator	0.0195999701357399	
									e										THAP8	ribosomal / translation	0.0568400880717336	
									e										STAT3	ribosomal / translation	0.0537981054209768	
									e										VEZF1	ribosomal / translation	0.0431250593089163	
									e										MIER1	ribosomal / translation	0.0376254579447805	
									e										ZBTB20	ribosomal / translation	0.0361093542002737	
									e										ARID1A	ribosomal / translation	0.036213304700762	
									e										LAMTOR5	ribosomal / translation	0.0349725744151174	
									e										PRPF6	ribosomal / translation	0.0311650297068655	
									e										HDGF	ribosomal / translation	0.0300039312266409	
									e										BMPR1A	ribosomal / translation	0.0286680719279348	
									e										ETV3	ribosomal / translation	0.0266646406077444	
									e										PEX14	ribosomal / translation	0.0269617101573049	
									e										TADA3	ribosomal / translation	0.0256654283427297	
									e										ZBTB17	ribosomal / translation	0.0250026246928274	
									e										THAP8	NF-κB / copper signaling	0.0304455393962579	
									e										STAT3	NF-κB / copper signaling	0.0293285483531671	
									e										VEZF1	NF-κB / copper signaling	0.0258934134654718	
									e										MIER1	NF-κB / copper signaling	0.0239026183299737	
									e										ZBTB20	NF-κB / copper signaling	0.023779951971026	
									e										ARID1A	NF-κB / copper signaling	0.0238597029857354	
									e										LAMTOR5	NF-κB / copper signaling	0.0236843461208062	
									e										PRPF6	NF-κB / copper signaling	0.0208123559169488	
									e										HDGF	NF-κB / copper signaling	0.0219710702113824	
									e										BMPR1A	NF-κB / copper signaling	0.0207428569011407	
									e										ETV3	NF-κB / copper signaling	0.0202806824855523	
									e										PEX14	NF-κB / copper signaling	0.0204027527980523	
									e										TADA3	NF-κB / copper signaling	0.0197766656093316	
									e										ZBTB17	NF-κB / copper signaling	0.020621501844378	
									e										THAP8	cytoskeleton / cell motility	0.0467632151141805	
									e										STAT3	cytoskeleton / cell motility	0.0443864202991171	
									e										VEZF1	cytoskeleton / cell motility	0.0355837679401083	
									e										MIER1	cytoskeleton / cell motility	0.032141718913619	
									e										ZBTB20	cytoskeleton / cell motility	0.0308397150531454	
									e										ARID1A	cytoskeleton / cell motility	0.0301325655475301	
									e										LAMTOR5	cytoskeleton / cell motility	0.029571089793746	
									e										PRPF6	cytoskeleton / cell motility	0.0262055731311483	
									e										HDGF	cytoskeleton / cell motility	0.0261679029956503	
									e										BMPR1A	cytoskeleton / cell motility	0.0251021719470663	
									e										ETV3	cytoskeleton / cell motility	0.0231714582935018	
									e										PEX14	cytoskeleton / cell motility	0.0228970385089559	
									e										TADA3	cytoskeleton / cell motility	0.021477017451827	
									e										ZBTB17	cytoskeleton / cell motility	0.0215070581927938	
									e										THAP8	growth / proliferation	0.0047102309559978	
									e										STAT3	growth / proliferation	0.0027083493565716	
									e										VEZF1	growth / proliferation	0.0028234385157428	
									e										MIER1	growth / proliferation	0.0056273602152667	
									e										ZBTB20	growth / proliferation	0.006537761559566	
									e										ARID1A	growth / proliferation	0.0062882565165363	
									e										LAMTOR5	growth / proliferation	0.0069806240702472	
									e										PRPF6	growth / proliferation	0.0099254511500201	
									e										HDGF	growth / proliferation	0.0095569752360187	
									e										BMPR1A	growth / proliferation	0.0096194409037433	
									e										ETV3	growth / proliferation	0.0114335678721271	
									e										PEX14	growth / proliferation	0.0116607807780109	
									e										TADA3	growth / proliferation	0.012151684632381	
									e										ZBTB17	growth / proliferation	0.0122478865290485	
									f										ARID1A	ribosomal / translation	0.2202206645521839	
									f										TMF1	ribosomal / translation	0.2202206645521839	
									f										RORC	ribosomal / translation	0.2202206645521839	
									f										RPS3	ribosomal / translation	0.2202206645521839	
									f										RUVBL2	ribosomal / translation	0.2202206645521839	
									f										SMAD1	ribosomal / translation	0.2202206645521839	
									f										STAT3	ribosomal / translation	0.2202206645521839	
									f										TAB3	ribosomal / translation	0.2202206645521839	
									f										TADA3	ribosomal / translation	0.2202206645521839	
									f										THAP8	ribosomal / translation	0.2202206645521839	
									f										THRA	ribosomal / translation	0.2202206645521839	
									f										TMSB4X	ribosomal / translation	0.2202206645521839	
									f										PRDX2	ribosomal / translation	0.2202206645521839	
									f										UBP1	ribosomal / translation	0.2202206645521839	
									f										ARID1A	oxidative stress / mitochondrial	0.0764578922761815	
									f										TMF1	oxidative stress / mitochondrial	0.0764578922761815	
									f										RORC	oxidative stress / mitochondrial	0.0764578922761815	
									f										RPS3	oxidative stress / mitochondrial	0.0764578922761815	
									f										RUVBL2	oxidative stress / mitochondrial	0.0764578922761815	
									f										SMAD1	oxidative stress / mitochondrial	0.0764578922761815	
									f										STAT3	oxidative stress / mitochondrial	0.0764578922761815	
									f										TAB3	oxidative stress / mitochondrial	0.0764578922761815	
									f										TADA3	oxidative stress / mitochondrial	0.0764578922761815	
									f										THAP8	oxidative stress / mitochondrial	0.0764578922761815	
									f										THRA	oxidative stress / mitochondrial	0.0764578922761815	
									f										TMSB4X	oxidative stress / mitochondrial	0.0764578922761815	
									f										PRDX2	oxidative stress / mitochondrial	0.0764578922761815	
									f										UBP1	oxidative stress / mitochondrial	0.0764578922761815	
									f										ARID1A	transcription / chromatin	0.0674993391814572	
									f										TMF1	transcription / chromatin	0.0674993391814572	
									f										RORC	transcription / chromatin	0.0674993391814572	
									f										RPS3	transcription / chromatin	0.0674993391814572	
									f										RUVBL2	transcription / chromatin	0.0674993391814572	
									f										SMAD1	transcription / chromatin	0.0674993391814572	
									f										STAT3	transcription / chromatin	0.0674993391814572	
									f										TAB3	transcription / chromatin	0.0674993391814572	
									f										TADA3	transcription / chromatin	0.0674993391814572	
									f										THAP8	transcription / chromatin	0.0674993391814572	
									f										THRA	transcription / chromatin	0.0674993391814572	
									f										TMSB4X	transcription / chromatin	0.0674993391814572	
									f										PRDX2	transcription / chromatin	0.0674993391814572	
									f										UBP1	transcription / chromatin	0.0674993391814572	
									f										ARID1A	growth / proliferation	0.0535638109910706	
									f										TMF1	growth / proliferation	0.0535638109910706	
									f										RORC	growth / proliferation	0.0535638109910706	
									f										RPS3	growth / proliferation	0.0535638109910706	
									f										RUVBL2	growth / proliferation	0.0535638109910706	
									f										SMAD1	growth / proliferation	0.0535638109910706	
									f										STAT3	growth / proliferation	0.0535638109910706	
									f										TAB3	growth / proliferation	0.0535638109910706	
									f										TADA3	growth / proliferation	0.0535638109910706	
									f										THAP8	growth / proliferation	0.0535638109910706	
									f										THRA	growth / proliferation	0.0535638109910706	
									f										TMSB4X	growth / proliferation	0.0535638109910706	
									f										PRDX2	growth / proliferation	0.0535638109910706	
									f										UBP1	growth / proliferation	0.0535638109910706	
									f										ARID1A	chromatin remodeling	0.0493588875831131	
									f										TMF1	chromatin remodeling	0.0493588875831131	
									f										RORC	chromatin remodeling	0.0493588875831131	
									f										RPS3	chromatin remodeling	0.0493588875831131	
									f										RUVBL2	chromatin remodeling	0.0493588875831131	
									f										SMAD1	chromatin remodeling	0.0493588875831131	
									f										STAT3	chromatin remodeling	0.0493588875831131	
									f										TAB3	chromatin remodeling	0.0493588875831131	
									f										TADA3	chromatin remodeling	0.0493588875831131	
									f										THAP8	chromatin remodeling	0.0493588875831131	
									f										THRA	chromatin remodeling	0.0493588875831131	
									f										TMSB4X	chromatin remodeling	0.0493588875831131	
									f										PRDX2	chromatin remodeling	0.0493588875831131	
									f										UBP1	chromatin remodeling	0.0493588875831131	
									f										ARID1A	NF-κB / copper signaling	0.0488540611423575	
									f										TMF1	NF-κB / copper signaling	0.0488540611423575	
									f										RORC	NF-κB / copper signaling	0.0488540611423575	
									f										RPS3	NF-κB / copper signaling	0.0488540611423575	
									f										RUVBL2	NF-κB / copper signaling	0.0488540611423575	
									f										SMAD1	NF-κB / copper signaling	0.0488540611423575	
									f										STAT3	NF-κB / copper signaling	0.0488540611423575	
									f										TAB3	NF-κB / copper signaling	0.0488540611423575	
									f										TADA3	NF-κB / copper signaling	0.0488540611423575	
									f										THAP8	NF-κB / copper signaling	0.0488540611423575	
									f										THRA	NF-κB / copper signaling	0.0488540611423575	
									f										TMSB4X	NF-κB / copper signaling	0.0488540611423575	
									f										PRDX2	NF-κB / copper signaling	0.0488540611423575	
									f										UBP1	NF-κB / copper signaling	0.0488540611423575	
									f										ARID1A	cytoskeleton / cell motility	0.0467257663744749	
									f										TMF1	cytoskeleton / cell motility	0.0467257663744749	
									f										RORC	cytoskeleton / cell motility	0.0467257663744749	
									f										RPS3	cytoskeleton / cell motility	0.0467257663744749	
									f										RUVBL2	cytoskeleton / cell motility	0.0467257663744749	
									f										SMAD1	cytoskeleton / cell motility	0.0467257663744749	
									f										STAT3	cytoskeleton / cell motility	0.0467257663744749	
									f										TAB3	cytoskeleton / cell motility	0.0467257663744749	
									f										TADA3	cytoskeleton / cell motility	0.0467257663744749	
									f										THAP8	cytoskeleton / cell motility	0.0467257663744749	
									f										THRA	cytoskeleton / cell motility	0.0467257663744749	
									f										TMSB4X	cytoskeleton / cell motility	0.0467257663744749	
									f										PRDX2	cytoskeleton / cell motility	0.0467257663744749	
									f										UBP1	cytoskeleton / cell motility	0.0467257663744749	
									f										ARID1A	mTOR / lysosome / signaling	0.0456035252662751	
									f										TMF1	mTOR / lysosome / signaling	0.0456035252662751	
									f										RORC	mTOR / lysosome / signaling	0.0456035252662751	
									f										RPS3	mTOR / lysosome / signaling	0.0456035252662751	
									f										RUVBL2	mTOR / lysosome / signaling	0.0456035252662751	
									f										SMAD1	mTOR / lysosome / signaling	0.0456035252662751	
									f										STAT3	mTOR / lysosome / signaling	0.0456035252662751	
									f										TAB3	mTOR / lysosome / signaling	0.0456035252662751	
									f										TADA3	mTOR / lysosome / signaling	0.0456035252662751	
									f										THAP8	mTOR / lysosome / signaling	0.0456035252662751	
									f										THRA	mTOR / lysosome / signaling	0.0456035252662751	
									f										TMSB4X	mTOR / lysosome / signaling	0.0456035252662751	
									f										PRDX2	mTOR / lysosome / signaling	0.0456035252662751	
									f										UBP1	mTOR / lysosome / signaling	0.0456035252662751	
cellot_hcc_formal_v1		HCC1143	1.1644666682169402	0.2569163937652669		0.123652731668838	0.1200363064522831	0.9348539590940624	g													CellOT 1143
cellot_hcc_formal_v1		HCC38	0.535104012779166	0.2528416842528738		0.0943047769525485	0.1164369120243864	0.9169762074678888	g													CellOT 38
cpa_v0.8.8		HCC1143	-1.271227215776623	0.907800958985443		0.2634075972395723	0.1974494839356401	0.9938789985197216	g													CPA 1143
cpa_v0.8.8		HCC38	1.3133024645927576	0.6605230189798669		0.175418486224289	0.0935251129924128	0.9846092868407312	g													CPA 38
gears_hcc_formal_v1		HCC1143	0.6308542779548804	0.1065350359555124		0.1000376672244845	0.1240927683255225	0.8951722923241306	g													GEARS 1143
gears_hcc_formal_v1		HCC38	1.3672536929012795	0.3218258701853763		0.0835094002854025	0.1475447730062259	0.9296548583009722	g													GEARS 38
gears_hcc_formal_v1_e20_lr1e-03_wd1e-06		HCC1143	0.5493274545802985	0.1449922281442987		0.0830625690272641	0.1113892663851426	0.9305959190636376	g													gears_hcc_formal_v1_e20_lr1e-03_wd1e-06 1143
gears_hcc_formal_v1_e20_lr1e-03_wd1e-06		HCC38	0.5801109996819873	0.339077516584952		0.083009868139477	0.1503240631485726	0.9336356310905876	g													gears_hcc_formal_v1_e20_lr1e-03_wd1e-06 38
gears_hcc_formal_v1_e30_lr1e-03_wd1e-05		HCC1143	0.6187361160599738	0.1656279901845046		0.1091571012565679	0.1223953683524476	0.9109621949734708	g													gears_hcc_formal_v1_e30_lr1e-03_wd1e-05 1143
gears_hcc_formal_v1_e30_lr1e-03_wd1e-05		HCC38	1.0958920807196828	0.5188067113229822		0.0984713473943082	0.1635213057673427	0.9672754806151588	g													gears_hcc_formal_v1_e30_lr1e-03_wd1e-05 38
gears_hcc_formal_v1_e30_lr2e-03_wd1e-06		HCC1143	1.4176800562405845	0.2987954814104352		0.1167486285801652	0.1424783040589142	0.932085031380762	g													gears_hcc_formal_v1_e30_lr2e-03_wd1e-06 1143
gears_hcc_formal_v1_e30_lr2e-03_wd1e-06		HCC38	1.4573236370680276	0.4010322335752296		0.120397980235844	0.1426414537599799	0.9270389877073802	g													gears_hcc_formal_v1_e30_lr2e-03_wd1e-06 38
gears_hcc_formal_v1_e30_lr5e-04_wd1e-06		HCC1143	0.8627817884676641	0.287131891462135		0.1395152442519359	0.1499963305647873	0.906949264095796	g													gears_hcc_formal_v1_e30_lr5e-04_wd1e-06 1143
gears_hcc_formal_v1_e30_lr5e-04_wd1e-06		HCC38	1.9491623961271196	0.3113900489545178		0.1046763184106925	0.1260066823169737	0.9212922727194258	g													gears_hcc_formal_v1_e30_lr5e-04_wd1e-06 38
gears_hcc_formal_v1_e40_lr1e-03_wd1e-06		HCC1143	-0.067834692573133	0.2382628746451952		0.0907985362917787	0.1299242228586277	0.9396809649994838	g													gears_hcc_formal_v1_e40_lr1e-03_wd1e-06 1143
gears_hcc_formal_v1_e40_lr1e-03_wd1e-06		HCC38	1.1272633904034095	0.3513107291948283		0.0839248186645132	0.1578913846471374	0.9327295093160508	g													gears_hcc_formal_v1_e40_lr1e-03_wd1e-06 38
geneformer_hcc_formal_v1		HCC1143	1.2510034110345924	0.4911981833535601		0.2119450320739361	0.1620241450308775	0.9192108781093258	g													Geneformer 1143
geneformer_hcc_formal_v1		HCC38	0.4274116709700121	0.466846360777347		0.1438923810347894	0.1408777879246397	0.9291348289139942	g													Geneformer 38
lm_g_geneformer_ridge_hcc_formal_v1		HCC1143	1.145053473235152	0.4829846138904355		0.1791873046208924	0.1532305977575393	0.94507355851241	g													Geneformer-ridge 1143
lm_g_geneformer_ridge_hcc_formal_v1		HCC38	1.1363153618638222	0.3999111287861076		0.1177632390416096	0.1505224925161823	0.9248086472556568	g													Geneformer-ridge 38
